City_ID,City,Country,Max Temp,Current Description,Lat,Lng,Hotel Name
1,Voh,NC,71.35,broken clouds,-20.9667,164.7,Le g√Æte du Koniambo
2,Kailua,US,76.98,overcast clouds,21.4022,-157.7394,Sheffield House Bed & Breakfast
4,Katsuura,JP,80.2,overcast clouds,35.1333,140.3,Katsuura Hotel Mikazuki
11,Jamestown,US,77.52,broken clouds,42.097,-79.2353,Hampton Inn & Suites Jamestown
15,Maceio,BR,76.44,light rain,-9.6658,-35.7353,Hotel Ponta Verde Macei√≥
17,Puerto Ayora,EC,75.16,broken clouds,-0.7393,-90.3518,Finch Bay Galapagos Hotel
20,Schio,IT,88.86,scattered clouds,45.7124,11.3574,Schio Hotel
25,Margate,GB,76.69,broken clouds,51.3813,1.3862,Premier Inn Margate hotel
26,Rikitea,PF,72.07,overcast clouds,-23.1203,-134.9692,People ThankYou
29,Anloga,GH,75.47,broken clouds,5.7947,0.8973,Pin Drop Hotel
31,Georgetown,MY,79.95,moderate rain,5.4112,100.3354,Cititel Penang
34,Salvador,SV,84.06,scattered clouds,13.8333,-88.9167,Chico's Ranch
40,Grand-Santi,GF,88.79,scattered clouds,4.25,-54.3833,Hotel La Villa Couacou
44,Sao Filipe,CV,78.91,broken clouds,14.8961,-24.4956,Hotel Xaguate
48,Sola,VU,80.89,broken clouds,-13.8833,167.55,Leumerus Bungalows
49,Hamilton,US,85.24,clear sky,39.1834,-84.5333,Six Acres Bed & Breakfast
50,Castro,BR,76.41,clear sky,-24.7911,-50.0119,CHACARA BAILLY
51,Sao Joao Da Barra,BR,86.09,clear sky,-21.6403,-41.0511,Pousada Porto De Canoas
53,Agadir,MA,82.85,few clouds,30.4202,-9.5982,Iberostar Founty Beach
55,Miri,MY,78.94,scattered clouds,4.4148,114.0089,"Mega Hotel, Miri"
59,Kavieng,PG,81.86,overcast clouds,-2.5744,150.7967,Nusa Island Retreat
64,Broome,US,85.17,overcast clouds,42.2506,-75.833,Chenango Valley State Park
65,Kahului,US,76.84,clear sky,20.8947,-156.47,Maui Seaside Hotel
66,Bathsheba,BB,88.41,scattered clouds,13.2167,-59.5167,Atlantis Hotel
69,Mahebourg,MU,70.09,few clouds,-20.4081,57.7,Shandrani Beachcomber Resort & Spa
73,Noumea,NC,73.99,broken clouds,-22.2763,166.4572,H√¥tel Le Lagon
75,Daoukro,CI,76.19,overcast clouds,7.0591,-3.9631,Komenan brou roseline
77,Yuanping,CN,72.5,broken clouds,38.7153,112.7575,Yuanping Xinghe Guesthouse
79,Butaritari,KI,81.55,broken clouds,3.0707,172.7902,Isles Sunset Lodge
80,Ribeira Grande,PT,77.4,broken clouds,38.5167,-28.7,Quinta da Meia Eira
84,Nantucket,US,82.54,clear sky,41.2835,-70.0995,Jared Coffin House
85,Victoria,HK,86.38,light rain,22.2855,114.1577,Mini Central
87,Vaini,TO,73.56,few clouds,-21.2,-175.2,Keleti Beach Resort
89,Garmsar,IR,93.0,few clouds,35.2182,52.3409,ŸÖÿ¨ÿ™ŸÖÿπ ŸÖÿ±ÿµÿßÿØ
91,Bastrop,US,87.48,broken clouds,32.7562,-91.8724,Best Budget Inn
93,Hithadhoo,MV,80.85,scattered clouds,-0.6,73.0833,Scoop Guest House
94,Bontang,ID,77.74,overcast clouds,0.1333,117.5,KOPKAR Hotel Bintang Sintuk
96,Baiyin,CN,74.3,overcast clouds,36.5583,104.2081,GreenTree Alliance Gansu Baiyin Renmin Road Hotel
97,Soyo,AO,71.01,few clouds,-6.1349,12.3689,Hospedaria ndozi'ame
98,Veraval,IN,82.47,overcast clouds,20.9,70.3667,Lords Inn Somnath
101,Itoman,JP,82.42,clear sky,26.1247,127.6694,Southern Beach Hotel & Resort Okinawa
102,Bubaque,GW,79.54,moderate rain,11.2833,-15.8333,"Casa Dora, Bubaque"
103,Korla,CN,78.93,scattered clouds,41.7597,86.1469,Gulisitan Hotel
104,Waingapu,ID,73.26,broken clouds,-9.6567,120.2641,Pondok Wisata Elim
105,Juxtlahuaca,MX,80.78,few clouds,17.4294,-99.1467,"Casa de Huespedes ""El centro"""
108,Faanui,PF,78.21,scattered clouds,-16.4833,-151.75,Bora-Bora Pearl Beach Resort & Spa
110,Zhezkazgan,KZ,76.98,scattered clouds,47.8043,67.7144,Hotel Zumrat
115,Nouadhibou,MR,78.78,broken clouds,20.931,-17.0347,El Medina
120,Claveria,PH,76.41,moderate rain,18.6074,121.0832,Casa Grand Inn By The Sea
122,Artyom,AZ,82.54,few clouds,40.4723,50.333,Pir hos
124,Aljezur,PT,74.79,clear sky,37.3191,-8.8033,Amazigh Hostel
128,Kapaa,US,74.19,few clouds,22.0752,-159.319,Sheraton Kauai Coconut Beach Resort
129,Middle Island,US,88.07,clear sky,40.8843,-72.9373,Cathedral pines
131,Avarua,CK,73.45,overcast clouds,-21.2078,-159.775,Paradise Inn
132,Alofi,NU,73.29,clear sky,-19.0595,-169.9187,Taloa Heights
133,Hilo,US,73.62,scattered clouds,19.7297,-155.09,Hilo Hawaiian Hotel
135,Jalu,LY,94.48,clear sky,29.0331,21.5482,ÿµÿßÿ≠ÿ®ÿ© ÿßŸÑŸÅÿÆÿßŸÖÿ©
136,Padang,ID,76.66,overcast clouds,-0.9492,100.3543,Mercure Padang
139,Makat,KZ,87.28,clear sky,47.6469,53.3463,Umit
142,Atuona,PF,76.51,clear sky,-9.8,-139.0333,Villa Enata
145,Bandundu,CD,85.03,overcast clouds,-3.3167,17.3667,Coja Color
147,Saint George,US,93.43,scattered clouds,37.1041,-113.5841,Best Western Plus Abbey Inn
153,Grand Forks,US,75.78,broken clouds,47.9417,-97.4337,Warrior Inn
157,Cabras,IT,84.6,broken clouds,39.93,8.5314,Hotel Villa Canu
158,Mana,GF,85.93,few clouds,5.6592,-53.7767,LE SAMANA
161,Arraial Do Cabo,BR,78.76,few clouds,-22.9661,-42.0278,Pousada Porto Praia
162,Pitimbu,BR,79.34,scattered clouds,-7.4706,-34.8086,Reserva do Abia√≠
164,Tura,IN,75.45,overcast clouds,25.5198,90.2201,Hotel RIKMAN Continental
165,Dingle,PH,76.68,overcast clouds,10.9995,122.6711,SEGAYA PROPERTY
170,Guerrero Negro,MX,80.26,overcast clouds,27.9769,-114.0611,"Casa Laguna, Bed & Breakfast"
172,Lompoc,US,81.84,broken clouds,34.6391,-120.4579,"Holiday Inn Express Lompoc, an IHG Hotel"
173,Oussouye,SN,82.9,light rain,12.485,-16.5469,Auberge du Routard
174,Tirat Karmel,IL,81.95,few clouds,32.7617,34.9719,Marom Hotel Haifa ◊û◊ú◊ï◊ü ◊û◊®◊ï◊ù
179,Bethel,US,87.73,clear sky,41.3712,-73.414,Courtyard by Marriott Danbury
183,Den Helder,NL,74.98,few clouds,52.9599,4.7593,Hotel Den Helder
185,Moussoro,TD,85.3,scattered clouds,13.6408,16.4901,Pharmacie alnadja Moussoro
186,El Arenal,MX,70.93,overcast clouds,20.7833,-103.7,Hotel el campesino
187,Eureka,US,72.19,few clouds,40.8021,-124.1637,Eureka Inn Trademark By Wyndham
193,Mantenopolis,BR,77.77,broken clouds,-18.8625,-41.1228,Deed's Hotel
197,Lorengau,PG,81.7,overcast clouds,-2.0226,147.2712,Lorengau Harbourside Hotel
200,Ponta Do Sol,PT,83.71,clear sky,32.6667,-17.1,Hotel do Campo
202,Roma,US,79.72,broken clouds,43.2128,-75.4557,Wingate By Wyndham Rome
203,Coahuayana,MX,90.86,broken clouds,18.7333,-103.6833,El rranchito michuacan de ocampos
204,Lasa,IT,75.36,broken clouds,46.6166,10.7002,Pension Feldg√§rtenhof
205,Middelkerke,BE,82.17,few clouds,51.1558,2.8418,Honfleur
207,San Clemente,US,89.55,clear sky,33.427,-117.612,Casablanca Inn
208,Salalah,OM,77.45,overcast clouds,17.0151,54.0924,"HAMDAN PLAZA HOTEL SALALAH, an HTG Hotel"
209,Kenora,CA,74.37,scattered clouds,49.8167,-94.4337,Maynard Lake Lodge
211,Sabang,ID,79.86,overcast clouds,5.8933,95.3214,Hotel Citra
213,Daru,PG,77.54,broken clouds,-9.0763,143.2092,Daru Lodge
216,Gavle,SE,70.38,overcast clouds,60.6745,17.1417,Scandic CH
220,Alice Springs,AU,72.95,scattered clouds,-23.7,133.8833,Desert Palms Alice Springs
221,Jacareacanga,BR,93.63,broken clouds,-6.2222,-57.7528,Casa do Ianüòé
222,Dhidhdhoo,MV,80.92,overcast clouds,6.8833,73.1,Dhidhoo beach
224,Torbay,CA,82.76,broken clouds,47.6666,-52.7314,Gallows Cove
225,Algiers,DZ,85.82,scattered clouds,36.7525,3.042,Sofitel Algiers Hamma Garden
226,Sawakin,SD,93.83,overcast clouds,19.1059,37.3321,ŸÅŸÜÿØŸÇ ÿßŸÑÿØŸàŸäŸÖ
227,Kijang,KR,78.24,scattered clouds,35.2442,129.2139,Samyang Beach Villa
229,Ishikari,JP,70.27,moderate rain,43.2397,141.3539,„Ç∂„ÉªÂêâÂ≤°
230,Manga,BF,83.86,overcast clouds,11.6636,-1.0731,Auberge du 11 d√©cembre de la cit√© CNSS √† Manga
232,Corinth,GR,86.9,clear sky,37.9407,22.9573,Ephira Hotel
234,Morehead,US,80.35,broken clouds,37.2711,-87.1764,CCI Express Inn
235,Chichihualco,MX,74.16,broken clouds,17.6833,-99.65,Hotel Chichihualco
238,Mange,SL,75.67,moderate rain,8.9167,-12.85,Ferry Manage Burah
239,Ayr,GB,70.5,scattered clouds,55.4627,-4.6339,Mercure Ayr Hotel
240,Auki,SB,76.12,broken clouds,-8.7676,160.7034,Auki Motel
242,Port Keats,AU,70.02,broken clouds,-14.25,129.55,TDC Village (Hundred Man Camp)
243,Ukiah,US,86.65,clear sky,39.1502,-123.2078,Hampton Inn Ukiah
244,Kaseda,JP,80.44,scattered clouds,31.4167,130.3167,Sun Stay Kaseda
247,Port Hedland,AU,71.65,overcast clouds,-20.3167,118.5667,The Esplanade Hotel
248,Almeirim,BR,90.91,few clouds,-1.5233,-52.5817,Ric√°cio Hotel
249,Bogale,MM,79.3,broken clouds,16.2833,95.4,Aung Pin Lel Guest House
250,Maneadero,MX,75.09,clear sky,31.7167,-116.5667,Casa De Thompson
251,Vila Franca Do Campo,PT,73.81,scattered clouds,37.7167,-25.4333,Pestana Bahia Praia
253,Altamira,BR,92.21,scattered clouds,-3.2033,-52.2064,Requinte Hotel
257,Creel,MX,74.17,clear sky,27.75,-107.6333,The Lodge at Creel Hotel & SPA
258,Ciudad Bolivar,VE,87.89,overcast clouds,8.1222,-63.5497,Hotel Edi
259,Touros,BR,82.02,broken clouds,-5.1989,-35.4608,INN NEW HORIZON
260,Tazmalt,DZ,90.97,clear sky,36.3868,4.3989,H√¥tel Num√©dia
262,Mayo,US,91.81,few clouds,38.8876,-76.5119,Resorts Resource Group International
263,Upata,VE,81.09,broken clouds,8.0086,-62.3989,Posada Villa Nela
264,Zambezi,ZM,73.35,scattered clouds,-13.5432,23.1047,Royal Kutachika Lodge
265,Cascais,PT,87.26,few clouds,38.6979,-9.4215,Hotel Vila Gal√© Cascais
266,Tual,ID,79.41,broken clouds,-5.6667,132.75,Grand Vilia Hotel
267,Pingliang,CN,71.15,scattered clouds,35.5392,106.6861,North Gate Hostel
268,Saurimo,AO,80.69,broken clouds,-9.6608,20.3916,Hotel Kawissa Saurimo
269,Quelimane,MZ,73.35,few clouds,-17.8786,36.8883,Hotel Flamingo
270,Palmer,US,88.63,few clouds,42.1584,-72.3287,Wedgewood Motel
271,Oda,JP,78.08,overcast clouds,35.1833,132.5,Sky Hotel Oda
273,Banjarmasin,ID,75.34,overcast clouds,-3.3244,114.591,Swiss-Belhotel Borneo Banjarmasin
274,Northam,GB,73.38,broken clouds,51.0333,-4.2167,Durrant House Hotel
275,Labuhan,ID,77.92,overcast clouds,-6.8844,112.2051,DoubleFAG
277,Bengkulu,ID,74.77,overcast clouds,-3.8004,102.2655,Grage Hotel Bengkulu
279,Mabay,PH,77.94,overcast clouds,6.0577,124.4666,Bautista Lodging House
280,Manzanillo,CU,93.15,clear sky,20.3433,-77.1167,"HOSTAL ""THE YELLOW HOUSE"""
281,San Francisco,US,84.02,scattered clouds,37.7749,-122.4194,Edwardian Hotel
282,Palasa,IN,81.46,overcast clouds,18.7667,84.4167,Balaji tifen & meals veg & non veg hotel
284,Achutupo,PA,86.58,overcast clouds,9.2,-77.9833,Akwa Reef Lodge
286,Along,IN,74.86,overcast clouds,28.1667,94.7667,Hotel West
287,Dumas,US,89.74,clear sky,35.8656,-101.9732,"Holiday Inn Express & Suites Dumas, an IHG Hotel"
289,Medicine Hat,CA,73.22,few clouds,50.0501,-110.6683,Ramada Limited Medicine Hat
291,Armacao De Pera,PT,81.09,clear sky,37.1026,-8.357,VILA VITA Parc Resort & Spa
293,Jaque,PA,80.94,moderate rain,7.5175,-78.1703,Aventuras Jaque S.A
294,Laguna,US,90.01,clear sky,38.421,-121.4238,"Holiday Inn Express & Suites Elk Grove Central - Hwy 99, an IHG Hotel"
295,Ormara,PK,82.38,broken clouds,25.2088,64.6357,Kenara Colony House for Rent
296,Garissa,KE,80.92,scattered clouds,-0.4536,39.6401,Sharif Plaza Hotel
297,Kihei,US,76.84,scattered clouds,20.785,-156.4656,Maui Sunset
298,Novokayakent,RU,81.19,overcast clouds,42.3937,47.9861,"Baza Otdykha ""Svyazist"""
301,Wichian Buri,TH,78.22,overcast clouds,15.6578,101.106,Mit Sali Hotel
302,Chifeng,CN,76.59,broken clouds,42.2683,118.9636,Junyu Tiancheng Hotel
304,Manta,EC,76.78,overcast clouds,-0.95,-80.7333,Balandra Hotel
305,Palmerston,AU,71.58,broken clouds,-12.486,130.9833,Quest Palmerston - Serviced Apartments and Accommodation
306,Vavoua,CI,78.08,overcast clouds,7.3819,-6.4778,Hotel Le Peuple
307,Manggar,ID,80.74,overcast clouds,-2.8833,108.2667,Guest Hotel
308,Port Blair,IN,78.78,overcast clouds,11.6667,92.75,"Welcomhotel By ITC Hotels, Bay Island, Port Blair"
311,Galle,LK,77.95,overcast clouds,6.0367,80.217,Amangalla
312,Ogaminana,NG,77.92,overcast clouds,7.5946,6.2248,Billy Guest Inn
313,Ozu,JP,80.19,overcast clouds,33.5,132.55,HOTEL FOREST
314,Havelock,US,92.95,broken clouds,34.8791,-76.9013,Sherwood Motel
315,Cabedelo,BR,77.67,scattered clouds,-6.9811,-34.8339,Pousada Camboinha
318,Iralaya,HN,82.51,overcast clouds,15.0,-83.2333,Iglesia morava renovada
319,Zhangjiakou,CN,76.48,overcast clouds,40.81,114.8794,Shell Zhangjiakou City Qiaodong District Ginza Hotel
320,Cercany,CZ,80.82,broken clouds,49.8529,14.703,S√°zavka
322,Cabo San Lucas,MX,91.62,scattered clouds,22.8909,-109.9124,Hotel Tesoro Los Cabos
323,Saint-Georges,GD,83.39,scattered clouds,12.0564,-61.7485,Radisson Grenada Beach Resort
327,Yarada,IN,84.52,thunderstorm,17.65,83.2667,Yarada Jungle Beach Resorts
328,Muroto,JP,80.8,overcast clouds,33.2833,134.15,Oota Ryokan
331,Soria,ES,93.11,few clouds,41.6667,-2.6667,Casa Rural Sierra de Inodejo
335,Bluefield,US,82.4,broken clouds,37.2698,-81.2223,Economy Inn
337,Asau,RO,76.28,scattered clouds,46.4333,26.4,Casa Mika Ciobanus
338,Tanete,ID,73.08,overcast clouds,-3.9443,119.7848,Wisma Tri Multi
339,Gat,IL,86.4,clear sky,31.61,34.7642,OlusHome
343,Dongsheng,CN,76.82,broken clouds,39.8161,109.9776,Crowne Plaza Ordos
344,Bossangoa,CF,72.77,moderate rain,6.4926,17.4552,LA PERLE DE BOSTON
346,Morris,US,88.79,broken clouds,40.8334,-74.5329,Parsippany Inn and Suites Morris Plains
348,Conakry,GN,79.27,light rain,9.538,-13.6773,Riviera Royal Hotel
349,Hauterive,FR,88.56,few clouds,46.0901,3.4459,Aletti Palace Hotel
350,Octeville,FR,75.69,few clouds,49.6261,-1.6435,H√¥tel Le Louvre Cherbourg
355,Caslav,CZ,82.02,clear sky,49.911,15.3897,Catering Chotƒõbo≈ô s.r.o.
356,Lunenburg,CA,70.48,overcast clouds,44.3835,-64.3155,Lunenburg Arms Hotel
357,Yaounde,CM,72.3,scattered clouds,3.8667,11.5167,Hotel M√©rina Yaound√©
359,Saint Anthony,US,87.15,clear sky,45.0205,-93.218,Holiday Inn Express Roseville-St. Paul
360,Seguela,CI,79.02,overcast clouds,7.9611,-6.6731,Hotel le Carrefour
362,Half Moon Bay,US,81.14,few clouds,37.4636,-122.4286,"The Ritz-Carlton, Half Moon Bay"
364,Marsh Harbour,BS,83.01,clear sky,26.5412,-77.0636,Abaco Beach Resort
366,Fayaoue,NC,77.38,moderate rain,-20.65,166.5333,Chez Dydyce Guesthouse
373,Mashhad,IR,80.74,clear sky,36.297,59.6062,Khanye Sabz Hotel
375,Praya,CV,81.68,scattered clouds,14.9215,-23.5087,LT Aparthotel
376,Ponta Delgada,PT,74.12,broken clouds,37.7333,-25.6667,Vila Nova Hotel
377,Biak,ID,74.46,broken clouds,-0.9131,122.8766,Penginapan Kim
379,Chenghai,CN,81.48,overcast clouds,23.4632,116.768,Guangdong Hotel
382,Moroni,KM,76.01,clear sky,-11.7022,43.2551,Hotel Les Arcades
385,Honiara,SB,76.86,broken clouds,-9.4333,159.95,Heritage Park Hotel
387,Puerto Colombia,CO,81.57,overcast clouds,10.9878,-74.9547,Hotel El Emigrante
388,Tarn Taran,IN,87.82,broken clouds,31.45,74.9253,Hotel Satkar
390,Formosa,AR,87.78,clear sky,-26.1775,-58.1781,Asteri√≥n Departamentos
391,Port-Gentil,GA,78.76,scattered clouds,-0.7193,8.7815,Fengshui Residence
392,Saltpond,GH,75.11,broken clouds,5.2091,-1.0606,Mfantseman Beach Resort
396,Shache,CN,85.71,overcast clouds,38.4167,77.2406,Delong Hotel
401,Kendari,ID,73.69,overcast clouds,-3.945,122.4989,Hotel Wixel
402,Joshimath,IN,71.51,overcast clouds,30.5667,79.5667,Shivalik Camps & Resort
403,Neiafu,TO,75.88,broken clouds,-18.65,-173.9833,Mystic Sands Beachfront Accommodation
405,Hasaki,JP,81.28,overcast clouds,35.7333,140.8333,Inubosaki Kanko Hotel
406,Malanje,AO,81.46,few clouds,-9.5402,16.341,Hotel Ginga
408,Darhan,MN,72.23,overcast clouds,49.4867,105.9228,Buudai Hotel
413,Pontian Kecil,MY,79.81,overcast clouds,1.4801,103.3899,SUNFLOWER EXPRESS HOTEL
414,Castrovillari,IT,86.29,few clouds,39.8203,16.2123,AliaJazz B&B-Locanda di Alia
417,Malakal,SS,70.0,overcast clouds,9.5334,31.6605,Nile Palace Hotel
418,Komsomolskiy,UZ,79.52,overcast clouds,40.4272,71.7189,Ikathouse
419,Gerash,IR,94.15,scattered clouds,27.6652,54.1371,Sa'adat House Gerash
420,Nakusp,CA,75.47,few clouds,50.2499,-117.8023,Riders Retreat
421,Bani Walid,LY,88.79,clear sky,31.7566,13.9942,ŸÖŸÜÿ≤ŸÑ ŸÖŸÅÿ™ÿßÿ≠ ŸÖÿ≠ŸÖÿØ ÿßŸÑÿ≤ŸÑÿ®Ÿä
422,Axim,GH,76.35,broken clouds,4.8699,-2.2405,Axim Beach Resort And Spa
423,Kavaratti,IN,78.21,overcast clouds,10.5669,72.642,Green leaf
424,Vila,PT,86.7,clear sky,42.0304,-8.1588,Hotel Castrum Villae by Walk Hotels
425,Washougal,US,73.47,broken clouds,45.5826,-122.3534,Camas Boutique Hotel
426,Cariati,IT,84.94,clear sky,39.4922,16.9594,La Residenza
429,Itarema,BR,85.26,broken clouds,-2.9248,-39.9167,"Sea Lounge! Bar, Club & Restaurant"
432,Socorro,US,94.37,broken clouds,31.6546,-106.3033,guarderia imss papalote
434,Zhuhai,CN,89.85,few clouds,22.2769,113.5678,Áè†Êµ∑Á≤§Ë¥¢ÂÅáÊó•ÈÖíÂ∫ó
435,Fare,PF,78.48,scattered clouds,-16.7,-151.0167,Maitai Lapita Village Huahine
436,Bintulu,MY,79.18,overcast clouds,3.1667,113.0333,900 Boutique INN
444,Westport,US,90.09,clear sky,41.1415,-73.3579,The Westport Inn
446,Cheney,US,79.25,few clouds,47.4874,-117.5758,"Holiday Inn Express & Suites Cheney, an IHG Hotel"
452,Harper,LR,76.66,broken clouds,4.375,-7.7169,Screensaver
454,Kuala Terengganu,MY,79.77,overcast clouds,5.3302,103.1408,Hotel Grand Continental Kuala Terengganu (4 Star)
455,Trojes,AL,82.56,clear sky,41.756,19.962,Sofra e Kthell√´s
456,Talen,IN,79.18,overcast clouds,23.5667,76.7167,‡§π‡•ã‡§ü‡§≤ ‡§Ü‡§®‡§Ç‡§¶ ‡§™‡•à‡§≤‡•á‡§∏
457,Isangel,VU,75.83,light rain,-19.55,169.2667,Tanna Lodge
458,Miandrivazo,MG,72.23,clear sky,-19.5167,45.4667,H√¥tel Arc En Ciel Miandrivazo
459,Lahijan,IR,80.37,clear sky,37.2061,50.0029,Abrishami Hotel
461,Puri,IN,84.72,overcast clouds,19.8,85.85,OYO 1577 Hotel Shree Hari Grand
462,Aksu,CN,80.62,scattered clouds,41.1231,80.2644,Pudong Holiday Hotel
463,Chumphon,TH,72.75,overcast clouds,10.3333,98.8333,‡∏™‡∏Å‡∏≤‡∏ô ‡∏à‡πã‡∏≤.
465,Santa Maria,BR,70.9,overcast clouds,-29.6842,-53.8069,Hotel Morotin
468,Binika,IN,84.85,heavy intensity rain,21.0333,83.8,DISASTER ACCOMMODATION
469,Mayumba,GA,72.61,scattered clouds,-3.432,10.6554,LIKWALE LODGE
470,Katra,IN,76.23,clear sky,32.9833,74.95,KC Residency Katra (4 Star) Experience the Luxuries of a 5 Star
471,Wanning,CN,82.4,overcast clouds,18.8003,110.3967,Paradise Hotel
474,Road Town,VG,89.69,scattered clouds,18.4167,-64.6167,"ZINGARA 76ft Catamaran, full crew-all included"
480,Iwaki,JP,79.77,broken clouds,37.05,140.8833,Toyoko Inn Iwaki Ekimae
481,Maryville,US,86.27,overcast clouds,35.7565,-83.9705,"Holiday Inn Express & Suites Alcoa (Knoxville Airport), an IHG Hotel"
483,Kropotkin,RU,74.43,scattered clouds,45.4375,40.5756,Hotel Europe Kropotkin
484,Makokou,GA,79.93,broken clouds,0.5738,12.8642,H√¥tel
485,Tomatlan,MX,89.49,broken clouds,19.9333,-105.25,El Salvial
487,Palafrugell,ES,92.44,clear sky,41.9174,3.1631,Hotel La Torre
488,Les Cayes,HT,91.06,few clouds,18.2,-73.75,Villa Orphee
489,San Cristobal,VE,73.58,overcast clouds,7.7669,-72.225,Pirineos
491,Bartica,GY,86.32,broken clouds,6.4,-58.6167,Sloth Island Nature Resort
494,Am Timan,TD,74.64,broken clouds,11.0297,20.2827,Palais du chef Canton Salamt
495,Ahome,MX,85.95,overcast clouds,25.9167,-109.1833,La quinta del diablo
496,Butterworth,MY,78.84,scattered clouds,5.3991,100.3638,Cititel Penang
497,Sur,OM,90.39,clear sky,22.5667,59.5289,Sur Plaza Hotel
500,Hami,CN,79.07,overcast clouds,42.8,93.45,Laoyutang Resort
501,Wanlaweyn,SO,76.48,scattered clouds,2.6185,44.8938,GAASHAAN HOME
502,San Jose,US,85.59,broken clouds,37.3394,-121.895,The Westin San Jose
503,Cockburn Town,TC,82.44,few clouds,21.4612,-71.1419,Osprey Beach Hotel
506,Ankang,CN,77.16,broken clouds,32.68,109.0172,ÂÆâÁê™ÈÖíÂ∫ó
507,Meulaboh,ID,74.17,overcast clouds,4.1363,96.1285,Kost Pria
511,Forestville,US,91.47,broken clouds,38.8451,-76.875,Quality Inn Near Joint Base Andrews-Washington Area
513,Muros,ES,92.68,few clouds,42.7762,-9.0603,Apartment Av. Castelao
514,Najran,SA,73.4,overcast clouds,17.4924,44.1277,ŸÖÿ≠ŸÖÿØ ŸáÿßÿØŸä ÿßŸÑ ŸÅÿ∑Ÿäÿ≠
515,Bridlington,GB,80.89,broken clouds,54.0831,-0.1919,Expanse Bridlington Seafront Hotel
523,Zhanaozen,KZ,89.17,few clouds,43.3,52.8,K.korabay 28A
525,Manasa,IN,81.0,overcast clouds,24.4837,75.2687,Sameer patel
529,Kamaishi,JP,72.55,light rain,39.2667,141.8833,Hotel Route Inn Kamaishi
531,Ingham,US,80.19,scattered clouds,42.6,-84.3833,Sunset Mobile Home Park
532,Madang,PG,78.22,overcast clouds,-5.2246,145.7966,Comfort Inn Hotel
533,Kumta,IN,79.18,overcast clouds,14.4167,74.4,Hotel Vaibhav Palace
537,Bud,US,82.35,clear sky,39.447,-86.1758,Ted McQuinn Trust
538,Blackfoot,US,78.58,overcast clouds,43.1905,-112.345,Super 8 by Wyndham Blackfoot/Idaho Falls
540,Santa Lucia,ES,75.76,few clouds,27.9117,-15.5407,Las Tirajanas
544,Samarai,PG,80.01,scattered clouds,-10.6167,150.6667,Nuli Sapi
545,Puerto Del Rosario,ES,80.35,few clouds,28.5004,-13.8627,Hotel JM Puerto del Rosario
546,Griffith,US,84.88,clear sky,41.5284,-87.4237,Apartment above Depot Bar
548,Mason City,US,87.33,clear sky,43.1536,-93.201,Days Inn by Wyndham Mason City
550,Los Llanos De Aridane,ES,73.15,clear sky,28.6585,-17.9182,Valle Aridane
552,Ribas Do Rio Pardo,BR,92.91,clear sky,-20.4431,-53.7592,Pousada Avenida
553,Beatrice,US,89.69,clear sky,40.2681,-96.747,Victorian Inn Beatrice
555,Tautira,PF,76.55,few clouds,-17.7333,-149.15,Pension Oaoa
561,Plainview,US,89.8,clear sky,40.7765,-73.4673,Four Points by Sheraton Melville Long Island
562,Thai Binh,VN,83.05,overcast clouds,20.45,106.3333,Sweden Hotel
563,Kogon,UZ,82.44,clear sky,39.7228,64.5517,AFROSIYOB
566,Kutum,SD,84.18,few clouds,14.2,24.6667,Dibbo areaŸÖŸÜÿ∑ŸÇÿ© ÿØÿ®Ÿà
567,Sfantu Gheorghe,RO,71.82,broken clouds,45.8667,25.7833,Hotel Park
568,Makakilo City,US,75.0,overcast clouds,21.3469,-158.0858,Marriott's Ko Olina Beach Club
569,Fortuna,US,72.93,few clouds,40.5982,-124.1573,Super 8 by Wyndham Fortuna
570,Wajir,KE,85.46,overcast clouds,1.7471,40.0573,Mahatallah Hotel
572,Ciuperceni,RO,86.86,few clouds,43.7667,24.95,PrimƒÉria Ciuperceni
574,Turayf,SA,92.91,clear sky,31.6725,38.6637,Turaif
577,Tokmak,UA,76.32,clear sky,47.2514,35.7058,–î–æ–º –ø—Ä–∏–µ–∑–∂–∏—Ö
578,Hope,US,93.25,clear sky,33.6671,-93.5916,Best Western Hope
579,Villarrica,PY,80.47,overcast clouds,-25.75,-56.4333,Mansi√≥n Reljuv Tours SA
581,Naze,JP,79.57,few clouds,28.3667,129.4833,Shishime Hotel
583,Carballo,ES,87.22,few clouds,43.213,-8.691,Pazo do Souto
585,Erzurum,TR,74.88,few clouds,40.0,41.5,Saksi Koyu Muhtarligi
588,Morondava,MG,74.16,clear sky,-20.2833,44.2833,La Case Bambou
591,Catamarca,AR,77.58,clear sky,-28.4696,-65.7852,Amerian Catamarca Park Hotel
592,Mata,PT,91.92,clear sky,40.683,-7.4592,Hostel EntryFik
593,Moyale,KE,71.85,overcast clouds,3.5167,39.0584,La Tahzan Guest House
595,Oistins,BB,87.89,few clouds,13.0667,-59.5333,Butterfly Beach Hotel
596,Anguillara Sabazia,IT,90.37,few clouds,42.0875,12.2767,Country Relais I Due Laghi
598,Faranah,GN,76.84,moderate rain,10.0404,-10.7434,Chez mon oncle
599,Dzilam Gonzalez,MX,92.88,scattered clouds,21.2833,-88.9333,posadas
600,Trairi,BR,85.66,broken clouds,-3.2778,-39.2689,janelas do mar
602,Sarai Alamgir,PK,90.72,broken clouds,32.9012,73.7559,Tulip Riverside Hotel And Restaurant Jehlum
606,Llanes,ES,76.68,scattered clouds,43.4198,-4.7549,Hotel La Paz
609,Cefalu,IT,86.54,clear sky,38.0386,14.0229,Hotel La Giara
610,Sinnamary,GF,83.03,scattered clouds,5.3833,-52.95,ALETHEIA Appartement Sinnamary
613,Celestun,MX,87.55,clear sky,20.8667,-90.4,Posada Lilia
614,Sinjhoro,PK,89.67,few clouds,26.0303,68.809,adil Mobile shop
617,Portland,US,73.94,broken clouds,45.5234,-122.6762,Embassy Suites by Hilton Portland Downtown
618,Alenquer,BR,93.45,scattered clouds,-1.9417,-54.7383,Detinha Hotel
620,Kloulklubed,PW,82.99,overcast clouds,7.0419,134.2556,Storyboard Beach Resort
621,Cururupu,BR,84.38,few clouds,-1.8283,-44.8683,POUSADA TRAV√âS'CIA
622,Olinda,BR,76.73,broken clouds,-8.0089,-34.8553,Flat Quatro Rodas Olinda
623,Yanam,IN,81.36,overcast clouds,16.7333,82.2167,The Regency Hotel
624,Dicabisagan,PH,76.98,overcast clouds,17.0818,122.4157,Nancy Montanes Bernardo
626,Abbeville,FR,79.5,overcast clouds,50.1,1.8333,H√¥tel Mercure Abbeville Centre - Porte de la Baie de Somme
629,Balkanabat,TM,92.12,clear sky,39.5108,54.3671,Nebitchi Hotel
630,Preobrazheniye,RU,70.47,overcast clouds,42.9019,133.9064,Campsite Orlan
631,Xinzhi,CN,78.82,clear sky,36.4989,111.7047,Mingyue Hotel
632,Shenjiamen,CN,82.09,scattered clouds,29.9576,122.298,Jinjiang Inn Zhoushan Putuo Shenjiamen
633,Ishigaki,JP,83.89,clear sky,24.3448,124.1572,Hotel Peace Land Ishigakijima
635,Manado,ID,75.97,few clouds,1.487,124.8455,Aryaduta Hotel
636,Saint-Gaudens,FR,93.65,clear sky,43.0833,0.6667,L'Ardi√©geoise
639,Hambantota,LK,78.46,overcast clouds,6.1241,81.1185,Bungalow 63
643,Lagoa,PT,74.59,clear sky,39.05,-27.9833,Casa Das Faias
650,Borohradek,CZ,81.95,broken clouds,50.0978,16.0933,Veliny 120
651,Mangaluru,IN,76.06,moderate rain,12.8667,74.8833,Goldfinch Hotel Mangaluru
653,Kalianget,ID,80.44,overcast clouds,-7.05,113.9333,Pesanggrahan Garam
654,Uravakonda,IN,79.95,overcast clouds,14.95,77.2667,Divya Lodge
655,Pamanukan,ID,76.62,broken clouds,-6.2842,107.8106,Paris Day Hotel Pamanukan
656,Cobija,BO,91.58,broken clouds,-11.0267,-68.7692,Hotel Obelisco
657,Kattivakkam,IN,85.06,overcast clouds,13.2167,80.3167,Euronova Freezer
658,Tiberias,IL,83.7,few clouds,32.7922,35.5312,Aviv Hostel
659,Ipixuna,BR,90.66,scattered clouds,-1.7625,-48.8043,Chal√© do Mato
660,Aguimes,ES,80.65,few clouds,27.9054,-15.4461,Hotel Villa de Aguimes
661,Oromocto,CA,79.72,broken clouds,45.8351,-66.4792,Days Inn by Wyndham Oromocto Conference Centre
663,Ekpoma,NG,73.81,light rain,6.7421,6.139,Jennifer
672,Kabinda,CD,79.0,broken clouds,-6.1333,24.4833,Village Mianda Mutole
673,Puerto Escondido,MX,88.63,scattered clouds,15.85,-97.0667,Aldea del Bazar Hotel and Spa
674,Netivot,IL,84.6,few clouds,31.4222,34.5886,"'◊ë◊ô◊™ ◊î◊ó◊°◊ì - ◊û◊ï◊°◊ì◊ï◊™ ◊û◊ê◊ï◊®◊ï◊™ ◊†◊™◊ü' - ◊û◊ô◊°◊ï◊ì◊ï ◊©◊ú ◊î◊®◊ë ◊†◊™◊ü ◊ë◊ï◊ß◊ï◊ë◊ñ◊î ◊ñ◊¶◊ï◊ß""◊ú"
678,Helsinki,FI,72.03,few clouds,60.1695,24.9355,Scandic Hotel Simonkentt√§
679,Cayenne,GF,89.64,broken clouds,4.9333,-52.3333,H√¥tel Le Dronmi
680,Vanimo,PG,78.1,broken clouds,-2.6741,141.3028,Vahmoneh Lodge Vanimo
681,Jaten,ID,74.53,overcast clouds,-7.5772,110.8975,Loh Agung 6 B10
