,City,Country,Lat,Lng,Max Temp,Humidity,Cloudiness,Wind Speed,Current Description
0,Skibbereen,IE,51.55,-9.2667,63.1,94,100,15.5,overcast clouds
1,Voh,NC,-20.9667,164.7,71.35,89,63,1.45,broken clouds
2,Kailua,US,21.4022,-157.7394,76.98,80,100,11.5,overcast clouds
3,College,US,64.8569,-147.8028,59.58,93,100,3.44,overcast clouds
4,Katsuura,JP,35.1333,140.3,80.2,93,100,8.32,overcast clouds
5,Punta Arenas,CL,-53.15,-70.9167,44.71,76,75,10.36,light rain
6,Oksovskiy,RU,62.6062,39.8984,68.83,62,100,9.37,overcast clouds
7,San Patricio,US,28.017,-97.5169,95.07,40,22,14.0,few clouds
8,Mataura,NZ,-46.1927,168.8643,44.47,79,72,9.37,broken clouds
9,Nemuro,JP,43.3236,145.575,59.4,94,98,11.14,overcast clouds
10,New Norfolk,AU,-42.7826,147.0587,54.91,70,100,1.99,overcast clouds
11,Jamestown,US,42.097,-79.2353,77.52,56,75,14.97,broken clouds
12,Amapa,BR,1.0,-52.0,88.84,52,30,5.17,scattered clouds
13,Cape Town,ZA,-33.9258,18.4232,59.11,85,0,9.22,clear sky
14,Yellowknife,CA,62.456,-114.3525,63.12,45,20,5.75,few clouds
15,Maceio,BR,-9.6658,-35.7353,76.44,94,100,11.5,light rain
16,Avera,US,33.194,-82.5271,89.55,41,90,9.55,overcast clouds
17,Puerto Ayora,EC,-0.7393,-90.3518,75.16,83,76,8.99,broken clouds
18,Albany,US,42.6001,-73.9662,85.03,65,35,9.4,scattered clouds
19,Ushuaia,AR,-54.8,-68.3,42.46,81,75,4.61,light intensity drizzle
20,Schio,IT,45.7124,11.3574,88.86,45,34,1.99,scattered clouds
21,Hermanus,ZA,-34.4187,19.2345,56.8,79,15,2.33,few clouds
22,Kabwe,ZM,-14.4469,28.4464,64.56,51,15,11.95,few clouds
23,Busselton,AU,-33.65,115.3333,51.53,66,95,26.57,overcast clouds
24,Nanortalik,GL,60.1432,-45.2371,47.82,79,94,12.91,overcast clouds
25,Margate,GB,51.3813,1.3862,76.69,67,77,7.0,broken clouds
26,Rikitea,PF,-23.1203,-134.9692,72.07,76,92,20.11,overcast clouds
27,Tasiilaq,GL,65.6145,-37.6368,41.13,63,4,4.9,clear sky
28,Akdepe,TM,42.0551,59.3788,87.89,28,51,11.52,broken clouds
29,Anloga,GH,5.7947,0.8973,75.47,74,84,14.25,broken clouds
30,Aranda De Duero,ES,41.6704,-3.6892,96.37,17,36,12.48,scattered clouds
31,Georgetown,MY,5.4112,100.3354,79.95,94,40,5.01,moderate rain
32,Port Alfred,ZA,-33.5906,26.891,59.18,75,72,7.14,broken clouds
33,Chokurdakh,RU,70.6333,147.9167,52.34,68,100,5.3,overcast clouds
34,Salvador,SV,13.8333,-88.9167,84.06,61,26,3.67,scattered clouds
35,Clyde River,CA,70.4692,-68.5914,41.23,100,100,12.66,mist
36,Mar Del Plata,AR,-38.0023,-57.5575,54.95,89,100,14.0,overcast clouds
37,Hobart,AU,-42.8794,147.3294,55.26,63,100,17.27,overcast clouds
38,Flin Flon,CA,54.7682,-101.865,60.64,77,100,0.0,overcast clouds
39,Homer,US,59.6425,-151.5483,53.8,85,42,11.01,scattered clouds
40,Grand-Santi,GF,4.25,-54.3833,88.79,54,41,2.51,scattered clouds
41,Hervey Bay,AU,-25.2986,152.8535,59.02,92,15,3.0,few clouds
42,Port Hardy,CA,50.6996,-127.4199,62.78,72,75,5.75,broken clouds
43,Saint-Philippe,RE,-21.3585,55.7679,69.39,80,47,8.41,scattered clouds
44,Sao Filipe,CV,14.8961,-24.4956,78.91,76,67,3.29,broken clouds
45,Mount Gambier,AU,-37.8333,140.7667,53.51,76,100,21.85,moderate rain
46,Katherine,AU,-14.4667,132.2667,68.32,56,40,1.14,scattered clouds
47,Barrow,US,71.2906,-156.7887,40.6,68,38,14.43,scattered clouds
48,Sola,VU,-13.8833,167.55,80.89,78,72,16.17,broken clouds
49,Hamilton,US,39.1834,-84.5333,85.24,72,1,3.0,clear sky
50,Castro,BR,-24.7911,-50.0119,76.41,35,0,5.06,clear sky
51,Sao Joao Da Barra,BR,-21.6403,-41.0511,86.09,73,5,13.06,clear sky
52,Turukhansk,RU,65.8167,87.9833,55.94,54,74,6.42,broken clouds
53,Agadir,MA,30.4202,-9.5982,82.85,35,17,8.84,few clouds
54,Charlestown,AU,-32.95,151.6667,52.41,79,97,4.0,overcast clouds
55,Miri,MY,4.4148,114.0089,78.94,94,40,6.91,scattered clouds
56,Pevek,RU,69.7008,170.3133,38.07,98,100,6.13,light rain
57,Santiago De Cao,PE,-7.9589,-79.2392,60.93,88,100,10.36,fog
58,Rawson,AR,-43.3002,-65.1023,48.81,46,0,9.31,clear sky
59,Kavieng,PG,-2.5744,150.7967,81.86,72,88,18.28,overcast clouds
60,Carnarvon,AU,-24.8667,113.6333,62.67,72,75,19.57,broken clouds
61,Rehoboth,NA,-23.3167,17.0833,54.3,39,0,9.66,clear sky
62,Saskylakh,RU,71.9167,114.0833,43.68,87,100,6.76,overcast clouds
63,Ati,TD,13.2154,18.3353,84.97,56,94,4.76,overcast clouds
64,Broome,US,42.2506,-75.833,85.17,59,85,3.0,overcast clouds
65,Kahului,US,20.8947,-156.47,76.84,75,0,12.66,clear sky
66,Bathsheba,BB,13.2167,-59.5167,88.41,82,40,24.16,scattered clouds
67,Tiksi,RU,71.6872,128.8694,39.96,77,100,6.24,overcast clouds
68,Ancud,CL,-41.8697,-73.8203,47.23,77,98,3.74,overcast clouds
69,Mahebourg,MU,-20.4081,57.7,70.09,68,20,6.91,few clouds
70,Provideniya,RU,64.3833,-173.3,52.45,61,28,4.92,scattered clouds
71,Ilulissat,GL,69.2167,-51.1,42.35,80,97,1.23,overcast clouds
72,Kaitangata,NZ,-46.2817,169.8464,46.99,77,61,14.9,broken clouds
73,Noumea,NC,-22.2763,166.4572,73.99,99,68,4.0,broken clouds
74,Codrington,AU,-38.2667,141.9667,53.08,71,100,26.35,overcast clouds
75,Daoukro,CI,7.0591,-3.9631,76.19,74,94,4.56,overcast clouds
76,Tsabong,BW,-26.0217,22.401,54.46,94,86,11.59,heavy intensity rain
77,Yuanping,CN,38.7153,112.7575,72.5,84,63,2.17,broken clouds
78,Kruisfontein,ZA,-34.0033,24.7314,54.75,64,67,2.86,broken clouds
79,Butaritari,KI,3.0707,172.7902,81.55,74,79,18.72,broken clouds
80,Ribeira Grande,PT,38.5167,-28.7,77.4,78,75,8.05,broken clouds
81,Ostrovnoy,RU,68.0531,39.5131,62.62,76,21,13.2,few clouds
82,Paamiut,GL,61.994,-49.6678,45.27,86,59,2.91,broken clouds
83,Khandyga,RU,62.6667,135.6,62.19,97,99,4.27,light rain
84,Nantucket,US,41.2835,-70.0995,82.54,83,5,15.03,clear sky
85,Victoria,HK,22.2855,114.1577,86.38,78,100,8.01,light rain
86,East London,ZA,-33.0153,27.9116,59.94,88,0,3.44,clear sky
87,Vaini,TO,-21.2,-175.2,73.56,94,20,8.05,few clouds
88,Ust-Maya,RU,60.4167,134.5333,61.48,95,100,6.51,light rain
89,Garmsar,IR,35.2182,52.3409,93.0,22,13,6.46,few clouds
90,Constitucion,CL,-35.3333,-72.4167,56.21,55,0,8.59,clear sky
91,Bastrop,US,32.7562,-91.8724,87.48,86,84,8.1,broken clouds
92,Norman Wells,CA,65.282,-126.8329,60.84,59,75,6.91,broken clouds
93,Hithadhoo,MV,-0.6,73.0833,80.85,74,25,12.95,scattered clouds
94,Bontang,ID,0.1333,117.5,77.74,84,94,1.48,overcast clouds
95,Narrabri,AU,-30.3167,149.7833,50.52,90,99,5.59,overcast clouds
96,Baiyin,CN,36.5583,104.2081,74.3,58,94,8.05,overcast clouds
97,Soyo,AO,-6.1349,12.3689,71.01,79,21,12.5,few clouds
98,Veraval,IN,20.9,70.3667,82.47,80,99,11.65,overcast clouds
99,San Antonio,US,29.4241,-98.4936,96.33,48,27,1.99,scattered clouds
100,Egvekinot,RU,66.3167,-179.1667,50.5,65,0,2.98,clear sky
101,Itoman,JP,26.1247,127.6694,82.42,89,0,4.61,clear sky
102,Bubaque,GW,11.2833,-15.8333,79.54,81,78,14.5,moderate rain
103,Korla,CN,41.7597,86.1469,78.93,39,50,3.11,scattered clouds
104,Waingapu,ID,-9.6567,120.2641,73.26,83,60,4.7,broken clouds
105,Juxtlahuaca,MX,17.4294,-99.1467,80.78,67,20,4.5,few clouds
106,Bluff,NZ,-46.6,168.3333,44.8,78,64,31.74,broken clouds
107,Port Lincoln,AU,-34.7333,135.8667,56.52,70,2,25.5,clear sky
108,Faanui,PF,-16.4833,-151.75,78.21,69,46,26.49,scattered clouds
109,Imeni Poliny Osipenko,RU,52.4201,136.4853,59.63,90,96,5.64,overcast clouds
110,Zhezkazgan,KZ,47.8043,67.7144,76.98,33,40,6.71,scattered clouds
111,Longyearbyen,SJ,78.2186,15.6401,53.44,76,75,5.75,broken clouds
112,Dudinka,RU,69.4058,86.1778,49.62,81,5,7.85,clear sky
113,Petropavlovsk-Kamchatskiy,RU,53.0452,158.6483,52.39,94,40,4.47,scattered clouds
114,Muslyumovo,RU,55.3033,53.1947,63.23,87,25,6.91,scattered clouds
115,Nouadhibou,MR,20.931,-17.0347,78.78,69,75,12.66,broken clouds
116,Dikson,RU,73.5069,80.5464,41.72,88,49,5.95,scattered clouds
117,Chusovoy,RU,58.3013,57.8131,59.47,75,2,4.05,clear sky
118,Lavrentiya,RU,65.5833,-171.0,51.94,64,12,5.39,few clouds
119,Safranbolu,TR,41.2508,32.6942,68.41,78,2,4.52,clear sky
120,Claveria,PH,18.6074,121.0832,76.41,95,100,4.18,moderate rain
121,Werda,BW,-25.2667,23.2833,55.31,90,86,8.84,heavy intensity rain
122,Artyom,AZ,40.4723,50.333,82.54,60,19,2.3,few clouds
123,Comodoro Rivadavia,AR,-45.8667,-67.5,51.66,40,0,10.36,clear sky
124,Aljezur,PT,37.3191,-8.8033,74.79,68,4,10.98,clear sky
125,Srednekolymsk,RU,67.45,153.6833,60.64,96,100,7.23,light rain
126,Iqaluit,CA,63.7506,-68.5145,46.13,81,100,3.44,light rain
127,Burnie,AU,-41.0667,145.9167,51.93,88,100,18.19,light rain
128,Kapaa,US,22.0752,-159.319,74.19,85,14,1.01,few clouds
129,Middle Island,US,40.8843,-72.9373,88.07,75,5,1.99,clear sky
130,Kostino,RU,58.9097,53.2691,58.3,72,24,3.56,few clouds
131,Avarua,CK,-21.2078,-159.775,73.45,64,100,5.75,overcast clouds
132,Alofi,NU,-19.0595,-169.9187,73.29,88,8,8.05,clear sky
133,Hilo,US,19.7297,-155.09,73.62,90,38,4.0,scattered clouds
134,Pryazha,RU,61.6926,33.6216,65.43,95,86,8.41,overcast clouds
135,Jalu,LY,29.0331,21.5482,94.48,20,0,12.55,clear sky
136,Padang,ID,-0.9492,100.3543,76.66,89,100,3.51,overcast clouds
137,Bredasdorp,ZA,-34.5322,20.0403,50.99,82,11,2.55,few clouds
138,Bazarnyye Mataki,RU,54.8833,49.9333,63.84,73,8,5.79,clear sky
139,Makat,KZ,47.6469,53.3463,87.28,25,10,13.94,clear sky
140,Saint-Augustin,CA,51.226,-58.6502,71.2,75,100,18.54,overcast clouds
141,Pangnirtung,CA,66.1451,-65.7125,46.4,81,75,10.36,broken clouds
142,Atuona,PF,-9.8,-139.0333,76.51,72,8,19.8,clear sky
143,Saint-Joseph,RE,-21.3667,55.6167,68.38,80,25,8.93,scattered clouds
144,Tuatapere,NZ,-46.1333,167.6833,48.09,81,61,12.59,broken clouds
145,Bandundu,CD,-3.3167,17.3667,85.03,42,97,1.1,overcast clouds
146,Ahipara,NZ,-35.1667,173.1667,53.85,89,100,5.75,overcast clouds
147,Saint George,US,37.1041,-113.5841,93.43,41,32,3.0,scattered clouds
148,Alakurtti,RU,66.9672,30.3491,62.65,80,93,2.59,moderate rain
149,Divnogorsk,RU,55.9594,92.3619,55.89,76,70,1.74,broken clouds
150,Panaba,MX,21.2833,-88.2667,96.03,40,54,9.51,broken clouds
151,Qaanaaq,GL,77.484,-69.3632,46.09,57,92,2.44,overcast clouds
152,Kodiak,US,57.79,-152.4072,52.66,78,28,7.72,scattered clouds
153,Grand Forks,US,47.9417,-97.4337,75.78,47,81,8.25,broken clouds
154,Hofn,IS,64.2539,-15.2082,50.61,67,27,14.74,scattered clouds
155,Kawhia,NZ,-38.0651,174.8183,50.0,90,100,7.83,overcast clouds
156,Cidreira,BR,-30.1811,-50.2056,63.55,72,25,8.61,scattered clouds
157,Cabras,IT,39.93,8.5314,84.6,50,61,8.43,broken clouds
158,Mana,GF,5.6592,-53.7767,85.93,65,17,8.9,few clouds
159,Yumen,CN,40.2833,97.2,74.28,48,90,6.55,overcast clouds
160,Diamantino,BR,-14.4086,-56.4461,98.67,13,38,4.21,scattered clouds
161,Arraial Do Cabo,BR,-22.9661,-42.0278,78.76,69,20,9.22,few clouds
162,Pitimbu,BR,-7.4706,-34.8086,79.34,78,27,8.34,scattered clouds
163,Okha,RU,53.5739,142.9478,54.45,96,53,15.17,broken clouds
164,Tura,IN,25.5198,90.2201,75.45,91,100,2.71,overcast clouds
165,Dingle,PH,10.9995,122.6711,76.68,87,90,4.07,overcast clouds
166,Klaksvik,FO,62.2266,-6.589,52.72,90,100,13.76,overcast clouds
167,Bilma,NE,18.6853,12.9164,98.78,27,71,10.16,broken clouds
168,Awbari,LY,26.5921,12.7805,99.7,15,0,10.96,clear sky
169,Rio Grande,BR,-32.035,-52.0986,61.7,77,49,6.8,scattered clouds
170,Guerrero Negro,MX,27.9769,-114.0611,80.26,52,91,11.56,overcast clouds
171,Wanaka,NZ,-44.7,169.15,39.31,91,83,5.91,broken clouds
172,Lompoc,US,34.6391,-120.4579,81.84,76,70,3.0,broken clouds
173,Oussouye,SN,12.485,-16.5469,82.9,72,66,11.43,light rain
174,Tirat Karmel,IL,32.7617,34.9719,81.95,74,20,8.05,few clouds
175,Waddan,LY,29.1614,16.139,95.34,23,0,13.53,clear sky
176,Cherskiy,RU,68.75,161.3,52.9,98,100,5.35,moderate rain
177,Svetlyy,RU,54.675,20.1347,66.25,62,99,5.19,overcast clouds
178,Harnosand,SE,62.6323,17.9379,66.22,66,26,17.52,scattered clouds
179,Bethel,US,41.3712,-73.414,87.73,65,3,1.99,clear sky
180,Leningradskiy,RU,69.3833,178.4167,57.42,51,100,14.83,overcast clouds
181,Wakkanai,JP,45.4094,141.6739,63.73,95,85,8.21,overcast clouds
182,Port Elizabeth,ZA,-33.918,25.5701,59.31,79,82,6.85,broken clouds
183,Den Helder,NL,52.9599,4.7593,74.98,83,20,18.41,few clouds
184,Kyzyl-Suu,KG,42.3414,78.0056,61.14,61,77,2.95,broken clouds
185,Moussoro,TD,13.6408,16.4901,85.3,53,35,5.84,scattered clouds
186,El Arenal,MX,20.7833,-103.7,70.93,90,100,1.03,overcast clouds
187,Eureka,US,40.8021,-124.1637,72.19,79,17,1.01,few clouds
188,Bairnsdale,AU,-37.8333,147.6167,54.05,61,100,1.01,overcast clouds
189,Rio Gallegos,AR,-51.6226,-69.2181,38.84,73,100,5.12,overcast clouds
190,Sorland,NO,67.667,12.6934,55.26,74,34,7.11,scattered clouds
191,Vostok,RU,46.4856,135.8833,65.12,81,100,3.96,overcast clouds
192,Saldanha,ZA,-33.0117,17.9442,56.93,77,26,10.58,scattered clouds
193,Mantenopolis,BR,-18.8625,-41.1228,77.77,50,81,4.36,broken clouds
194,Upernavik,GL,72.7868,-56.1549,45.77,74,83,10.76,broken clouds
195,Gladstone,AU,-23.85,151.25,60.73,88,67,5.75,broken clouds
196,Lukovetskiy,RU,64.2956,41.9211,62.11,78,100,6.96,overcast clouds
197,Lorengau,PG,-2.0226,147.2712,81.7,78,100,10.27,overcast clouds
198,Adrar,MR,20.5022,-10.0711,102.34,19,26,8.88,scattered clouds
199,Nikolskoye,RU,59.7035,30.7861,67.91,81,44,2.75,scattered clouds
200,Ponta Do Sol,PT,32.6667,-17.1,83.71,68,1,3.04,clear sky
201,Uvat,RU,59.1433,68.8953,56.7,70,7,5.41,clear sky
202,Roma,US,43.2128,-75.4557,79.72,70,75,13.8,broken clouds
203,Coahuayana,MX,18.7333,-103.6833,90.86,57,83,1.83,broken clouds
204,Lasa,IT,46.6166,10.7002,75.36,62,81,2.46,broken clouds
205,Middelkerke,BE,51.1558,2.8418,82.17,75,20,20.71,few clouds
206,Thompson,CA,55.7435,-97.8558,57.36,100,100,4.61,overcast clouds
207,San Clemente,US,33.427,-117.612,89.55,80,5,5.01,clear sky
208,Salalah,OM,17.0151,54.0924,77.45,92,98,4.74,overcast clouds
209,Kenora,CA,49.8167,-94.4337,74.37,68,40,10.36,scattered clouds
210,Souillac,MU,-20.5167,57.5167,68.38,77,20,4.61,few clouds
211,Sabang,ID,5.8933,95.3214,79.86,80,100,28.34,overcast clouds
212,Berlevag,NO,70.8578,29.0864,67.8,82,29,11.5,scattered clouds
213,Daru,PG,-9.0763,143.2092,77.54,92,75,15.73,broken clouds
214,Fairbanks,US,64.8378,-147.7164,59.59,93,100,3.44,overcast clouds
215,Sitka,US,57.0531,-135.33,54.36,91,100,4.52,light rain
216,Gavle,SE,60.6745,17.1417,70.38,51,99,3.0,overcast clouds
217,Severo-Kurilsk,RU,50.6789,156.125,51.53,85,84,7.14,broken clouds
218,Kununurra,AU,-15.7667,128.7333,62.58,88,87,0.0,overcast clouds
219,Tuktoyaktuk,CA,69.4541,-133.0374,45.23,86,99,12.59,overcast clouds
220,Alice Springs,AU,-23.7,133.8833,72.95,18,40,12.66,scattered clouds
221,Jacareacanga,BR,-6.2222,-57.7528,93.63,39,83,5.59,broken clouds
222,Dhidhdhoo,MV,6.8833,73.1,80.92,78,100,23.0,overcast clouds
223,Chapais,CA,49.7834,-74.8492,55.98,69,100,10.09,overcast clouds
224,Torbay,CA,47.6666,-52.7314,82.76,54,75,9.22,broken clouds
225,Algiers,DZ,36.7525,3.042,85.82,55,40,11.5,scattered clouds
226,Sawakin,SD,19.1059,37.3321,93.83,44,100,26.37,overcast clouds
227,Kijang,KR,35.2442,129.2139,78.24,94,37,7.52,scattered clouds
228,Khatanga,RU,71.9667,102.5,44.17,69,100,5.61,overcast clouds
229,Ishikari,JP,43.2397,141.3539,70.27,95,93,7.65,moderate rain
230,Manga,BF,11.6636,-1.0731,83.86,63,99,4.25,overcast clouds
231,Mzimba,MW,-11.9,33.6,57.9,77,31,6.02,scattered clouds
232,Corinth,GR,37.9407,22.9573,86.9,34,0,6.71,clear sky
233,Clonakilty,IE,51.6231,-8.8706,67.08,93,100,16.87,overcast clouds
234,Morehead,US,37.2711,-87.1764,80.35,65,75,5.75,broken clouds
235,Chichihualco,MX,17.6833,-99.65,74.16,72,55,4.45,broken clouds
236,Haines Junction,CA,60.7522,-137.5108,54.09,75,98,1.95,overcast clouds
237,Necochea,AR,-38.5473,-58.7368,60.04,56,100,8.23,overcast clouds
238,Mange,SL,8.9167,-12.85,75.67,93,96,5.68,moderate rain
239,Ayr,GB,55.4627,-4.6339,70.5,73,40,11.5,scattered clouds
240,Auki,SB,-8.7676,160.7034,76.12,89,78,5.1,broken clouds
241,Watsa,CD,3.0372,29.5355,67.98,82,44,2.84,scattered clouds
242,Port Keats,AU,-14.25,129.55,70.02,80,72,1.16,broken clouds
243,Ukiah,US,39.1502,-123.2078,86.65,48,6,3.38,clear sky
244,Kaseda,JP,31.4167,130.3167,80.44,90,31,4.05,scattered clouds
245,Nalut,LY,30.3333,10.85,101.35,12,17,11.92,few clouds
246,Mallaig,CA,54.2169,-111.3685,54.97,97,100,12.41,overcast clouds
247,Port Hedland,AU,-20.3167,118.5667,71.65,88,100,9.22,overcast clouds
248,Almeirim,BR,-1.5233,-52.5817,90.91,48,13,5.57,few clouds
249,Bogale,MM,16.2833,95.4,79.3,89,79,5.91,broken clouds
250,Maneadero,MX,31.7167,-116.5667,75.09,83,3,4.0,clear sky
251,Vila Franca Do Campo,PT,37.7167,-25.4333,73.81,66,36,3.24,scattered clouds
252,Aklavik,CA,68.2191,-135.0107,47.82,73,100,16.28,overcast clouds
253,Altamira,BR,-3.2033,-52.2064,92.21,41,44,6.04,scattered clouds
254,Esperance,AU,-33.8667,121.9,53.13,65,100,31.99,light rain
255,Goderich,CA,43.7501,-81.7165,67.91,74,98,12.17,overcast clouds
256,Kastamonu,TR,41.5,33.6667,64.44,85,0,5.88,clear sky
257,Creel,MX,27.75,-107.6333,74.17,37,5,3.33,clear sky
258,Ciudad Bolivar,VE,8.1222,-63.5497,87.89,59,85,9.15,overcast clouds
259,Touros,BR,-5.1989,-35.4608,82.02,68,75,10.09,broken clouds
260,Tazmalt,DZ,36.3868,4.3989,90.97,22,2,11.65,clear sky
261,Tessalit,ML,20.1986,1.0114,77.23,72,70,21.27,heavy intensity rain
262,Mayo,US,38.8876,-76.5119,91.81,64,20,8.01,few clouds
263,Upata,VE,8.0086,-62.3989,81.09,79,68,4.43,broken clouds
264,Zambezi,ZM,-13.5432,23.1047,73.35,27,32,5.7,scattered clouds
265,Cascais,PT,38.6979,-9.4215,87.26,54,20,10.36,few clouds
266,Tual,ID,-5.6667,132.75,79.41,85,56,14.47,broken clouds
267,Pingliang,CN,35.5392,106.6861,71.15,78,34,5.53,scattered clouds
268,Saurimo,AO,-9.6608,20.3916,80.69,26,71,3.6,broken clouds
269,Quelimane,MZ,-17.8786,36.8883,73.35,78,20,5.75,few clouds
270,Palmer,US,42.1584,-72.3287,88.63,63,21,5.01,few clouds
271,Oda,JP,35.1833,132.5,78.08,89,96,6.49,overcast clouds
272,Iranshahr,IR,27.2025,60.6848,95.97,36,80,7.61,broken clouds
273,Banjarmasin,ID,-3.3244,114.591,75.34,95,100,2.71,overcast clouds
274,Northam,GB,51.0333,-4.2167,73.38,90,60,18.84,broken clouds
275,Labuhan,ID,-6.8844,112.2051,77.92,85,96,8.48,overcast clouds
276,High Level,CA,58.5169,-117.136,64.0,42,100,3.09,overcast clouds
277,Bengkulu,ID,-3.8004,102.2655,74.77,92,87,3.2,overcast clouds
278,Sumy,UA,50.9216,34.8003,69.01,86,97,7.4,overcast clouds
279,Mabay,PH,6.0577,124.4666,77.94,85,100,3.87,overcast clouds
280,Manzanillo,CU,20.3433,-77.1167,93.15,46,6,9.26,clear sky
281,San Francisco,US,37.7749,-122.4194,84.02,70,35,5.01,scattered clouds
282,Palasa,IN,18.7667,84.4167,81.46,86,98,5.35,overcast clouds
283,Port Macquarie,AU,-31.4333,152.9167,44.89,100,96,0.0,overcast clouds
284,Achutupo,PA,9.2,-77.9833,86.58,67,98,0.51,overcast clouds
285,Toamasina,MG,-18.1667,49.3833,67.8,87,8,7.76,light rain
286,Along,IN,28.1667,94.7667,74.86,98,98,1.52,overcast clouds
287,Dumas,US,35.8656,-101.9732,89.74,33,0,18.41,clear sky
288,Ludvika,SE,60.1496,15.1878,67.33,71,100,8.99,overcast clouds
289,Medicine Hat,CA,50.0501,-110.6683,73.22,56,12,1.99,few clouds
290,Khorramshahr,IR,30.4397,48.1664,103.08,34,0,12.62,clear sky
291,Armacao De Pera,PT,37.1026,-8.357,81.09,64,0,8.95,clear sky
292,Solnechnyy,RU,50.7214,136.6319,62.35,98,65,2.93,broken clouds
293,Jaque,PA,7.5175,-78.1703,80.94,83,82,7.43,moderate rain
294,Laguna,US,38.421,-121.4238,90.01,59,0,3.44,clear sky
295,Ormara,PK,25.2088,64.6357,82.38,86,79,12.77,broken clouds
296,Garissa,KE,-0.4536,39.6401,80.92,45,49,21.99,scattered clouds
297,Kihei,US,20.785,-156.4656,76.84,77,40,12.66,scattered clouds
298,Novokayakent,RU,42.3937,47.9861,81.19,61,100,7.11,overcast clouds
299,General Roca,AR,-39.0333,-67.5833,54.63,31,0,10.78,clear sky
300,Nelson Bay,AU,-32.7167,152.15,52.0,98,100,3.0,overcast clouds
301,Wichian Buri,TH,15.6578,101.106,78.22,90,90,4.5,overcast clouds
302,Chifeng,CN,42.2683,118.9636,76.59,66,83,4.79,broken clouds
303,Coihaique,CL,-45.5752,-72.0662,41.09,90,100,7.52,overcast clouds
304,Manta,EC,-0.95,-80.7333,76.78,73,100,11.5,overcast clouds
305,Palmerston,AU,-12.486,130.9833,71.58,91,52,2.3,broken clouds
306,Vavoua,CI,7.3819,-6.4778,78.08,68,97,4.21,overcast clouds
307,Manggar,ID,-2.8833,108.2667,80.74,81,100,7.78,overcast clouds
308,Port Blair,IN,11.6667,92.75,78.78,93,100,15.93,overcast clouds
309,Quatre Cocos,MU,-20.2078,57.7625,68.11,66,0,12.17,clear sky
310,Tiznit,MA,29.5833,-9.5,99.59,14,38,11.1,scattered clouds
311,Galle,LK,6.0367,80.217,77.95,85,100,20.83,overcast clouds
312,Ogaminana,NG,7.5946,6.2248,77.92,77,94,4.14,overcast clouds
313,Ozu,JP,33.5,132.55,80.19,93,100,4.97,overcast clouds
314,Havelock,US,34.8791,-76.9013,92.95,70,78,8.99,broken clouds
315,Cabedelo,BR,-6.9811,-34.8339,77.67,79,31,9.91,scattered clouds
316,Chuy,UY,-33.6971,-53.4616,62.47,80,99,8.32,overcast clouds
317,Inta,RU,66.0317,60.1659,65.21,49,49,6.76,scattered clouds
318,Iralaya,HN,15.0,-83.2333,82.51,85,100,17.67,overcast clouds
319,Zhangjiakou,CN,40.81,114.8794,76.48,72,88,5.82,overcast clouds
320,Cercany,CZ,49.8529,14.703,80.82,56,70,1.97,broken clouds
321,Lebu,CL,-37.6167,-73.65,51.6,62,1,13.04,clear sky
322,Cabo San Lucas,MX,22.8909,-109.9124,91.62,61,40,4.61,scattered clouds
323,Saint-Georges,GD,12.0564,-61.7485,83.39,71,45,15.01,scattered clouds
324,Talnakh,RU,69.4865,88.3972,46.13,75,2,8.16,clear sky
325,Karasuk,RU,53.7377,78.0403,60.84,67,88,11.74,overcast clouds
326,Clarence Town,AU,-32.5833,151.7833,52.56,85,100,3.11,overcast clouds
327,Yarada,IN,17.65,83.2667,84.52,84,40,2.3,thunderstorm
328,Muroto,JP,33.2833,134.15,80.8,89,98,11.86,overcast clouds
329,Soloneshnoye,RU,51.6544,84.3197,60.35,90,79,3.04,broken clouds
330,Atar,MR,20.5169,-13.0499,99.32,27,4,13.06,clear sky
331,Soria,ES,41.6667,-2.6667,93.11,24,24,3.83,few clouds
332,Sinjar,IQ,36.3209,41.8754,101.62,12,0,10.54,clear sky
333,Sikasso,ML,10.9167,-7.0,81.46,71,82,3.85,broken clouds
334,Panjab,AF,34.388,67.0233,55.38,58,55,6.29,broken clouds
335,Bluefield,US,37.2698,-81.2223,82.4,70,75,10.36,broken clouds
336,Veinticinco De Mayo,AR,-35.4323,-60.1727,61.99,71,97,7.0,overcast clouds
337,Asau,RO,46.4333,26.4,76.28,63,42,3.42,scattered clouds
338,Tanete,ID,-3.9443,119.7848,73.08,96,96,3.85,overcast clouds
339,Gat,IL,31.61,34.7642,86.4,100,9,7.29,clear sky
340,Voyvozh,RU,62.892,54.9635,64.49,63,55,3.42,broken clouds
341,Qarqin,AF,37.4185,66.0436,89.06,22,7,10.78,clear sky
342,Terrell,US,32.736,-96.2753,97.92,45,0,11.5,clear sky
343,Dongsheng,CN,39.8161,109.9776,76.82,48,62,14.99,broken clouds
344,Bossangoa,CF,6.4926,17.4552,72.77,93,97,4.68,moderate rain
345,Huarmey,PE,-10.0681,-78.1522,67.1,73,57,10.36,broken clouds
346,Morris,US,40.8334,-74.5329,88.79,61,75,8.05,broken clouds
347,Novoalekseyevskaya,RU,44.8189,40.9339,76.64,65,39,3.38,scattered clouds
348,Conakry,GN,9.538,-13.6773,79.27,78,67,10.18,light rain
349,Hauterive,FR,46.0901,3.4459,88.56,25,17,5.97,few clouds
350,Octeville,FR,49.6261,-1.6435,75.69,64,20,8.05,few clouds
351,Opuwo,NA,-18.0607,13.84,60.13,9,9,5.57,clear sky
352,Altay,CN,47.8667,88.1167,65.84,48,24,7.16,few clouds
353,Husavik,IS,66.0449,-17.3389,45.55,97,100,15.32,overcast clouds
354,San Luis,AR,-33.295,-66.3356,64.22,35,19,7.9,few clouds
355,Caslav,CZ,49.911,15.3897,82.02,39,0,3.0,clear sky
356,Lunenburg,CA,44.3835,-64.3155,70.48,97,99,8.1,overcast clouds
357,Yaounde,CM,3.8667,11.5167,72.3,82,34,6.17,scattered clouds
358,Ayan,RU,56.45,138.1667,56.48,98,100,13.62,light rain
359,Saint Anthony,US,45.0205,-93.218,87.15,63,0,20.71,clear sky
360,Seguela,CI,7.9611,-6.6731,79.02,68,95,4.41,overcast clouds
361,Sisimiut,GL,66.9395,-53.6735,44.8,93,100,7.4,overcast clouds
362,Half Moon Bay,US,37.4636,-122.4286,81.14,63,20,4.61,few clouds
363,Floriano,BR,-6.7669,-43.0225,97.57,13,22,10.45,few clouds
364,Marsh Harbour,BS,26.5412,-77.0636,83.01,65,0,7.52,clear sky
365,Grindavik,IS,63.8424,-22.4338,52.27,62,75,23.02,broken clouds
366,Fayaoue,NC,-20.65,166.5333,77.38,81,60,2.77,moderate rain
367,Sawtell,AU,-30.3833,153.1,55.42,88,97,6.91,overcast clouds
368,Andilamena,MG,-17.0167,48.5833,56.35,90,31,10.02,scattered clouds
369,Tranas,SE,58.0372,14.9782,65.39,43,100,7.47,light rain
370,Inzer,RU,54.2167,57.5556,59.2,93,55,4.09,broken clouds
371,Mangai,CD,-4.05,19.5333,87.15,41,90,5.53,overcast clouds
372,Maniitsoq,GL,65.4167,-52.9,42.37,97,100,11.83,overcast clouds
373,Mashhad,IR,36.297,59.6062,80.74,41,0,6.91,clear sky
374,Yulara,AU,-25.2406,130.9889,61.27,46,58,8.95,broken clouds
375,Praya,CV,14.9215,-23.5087,81.68,70,39,9.35,scattered clouds
376,Ponta Delgada,PT,37.7333,-25.6667,74.12,78,75,5.75,broken clouds
377,Biak,ID,-0.9131,122.8766,74.46,88,63,6.67,broken clouds
378,Lima,PE,-12.0432,-77.0282,61.05,77,100,8.05,overcast clouds
379,Chenghai,CN,23.4632,116.768,81.48,83,100,2.33,overcast clouds
380,Baykit,RU,61.67,96.37,54.7,82,100,2.28,overcast clouds
381,Killybegs,IE,54.6333,-8.45,64.11,80,99,20.49,overcast clouds
382,Moroni,KM,-11.7022,43.2551,76.01,77,4,5.14,clear sky
383,Manzhouli,CN,49.6,117.4333,69.39,69,6,4.43,clear sky
384,Buraydah,SA,26.326,43.975,96.96,33,88,18.54,overcast clouds
385,Honiara,SB,-9.4333,159.95,76.86,84,72,6.33,broken clouds
386,San Bernardo,CL,-33.6,-70.7167,61.43,54,5,2.77,clear sky
387,Puerto Colombia,CO,10.9878,-74.9547,81.57,79,100,3.38,overcast clouds
388,Tarn Taran,IN,31.45,74.9253,87.82,61,71,4.52,broken clouds
389,Vredendal,ZA,-31.6683,18.5012,60.76,51,70,8.57,broken clouds
390,Formosa,AR,-26.1775,-58.1781,87.78,37,0,11.5,clear sky
391,Port-Gentil,GA,-0.7193,8.7815,78.76,73,40,12.66,scattered clouds
392,Saltpond,GH,5.2091,-1.0606,75.11,72,80,12.3,broken clouds
393,Kaeo,NZ,-35.1,173.7833,49.32,94,100,3.89,overcast clouds
394,Mogok,MM,22.9167,96.5,66.83,97,95,2.68,overcast clouds
395,Yagodnoye,RU,62.55,149.6667,54.16,85,100,5.75,overcast clouds
396,Shache,CN,38.4167,77.2406,85.71,25,100,5.1,overcast clouds
397,Olafsvik,IS,64.8945,-23.7142,49.93,67,52,18.81,broken clouds
398,Sabha,LY,27.0377,14.4283,99.21,14,1,16.06,clear sky
399,Oksfjord,NO,70.2396,22.3479,59.07,95,100,6.31,overcast clouds
400,Moron,AR,-34.6534,-58.6198,63.01,72,93,6.51,overcast clouds
401,Kendari,ID,-3.945,122.4989,73.69,93,91,1.68,overcast clouds
402,Joshimath,IN,30.5667,79.5667,71.51,94,88,1.88,overcast clouds
403,Neiafu,TO,-18.65,-173.9833,75.88,88,75,5.75,broken clouds
404,Kamenka,RU,51.3223,42.7678,74.12,50,67,10.11,broken clouds
405,Hasaki,JP,35.7333,140.8333,81.28,90,91,7.65,overcast clouds
406,Malanje,AO,-9.5402,16.341,81.46,26,15,3.27,few clouds
407,Bambous Virieux,MU,-20.3428,57.7575,68.25,77,20,4.61,few clouds
408,Darhan,MN,49.4867,105.9228,72.23,59,100,6.31,overcast clouds
409,Ballina,AU,-28.8667,153.5667,53.02,99,95,6.11,overcast clouds
410,Taksimo,RU,56.3444,114.8794,64.09,78,78,2.01,broken clouds
411,Kineshma,RU,57.4391,42.1289,65.88,67,100,5.37,overcast clouds
412,Batagay,RU,67.6333,134.6333,52.52,81,100,4.41,overcast clouds
413,Pontian Kecil,MY,1.4801,103.3899,79.81,82,96,5.91,overcast clouds
414,Castrovillari,IT,39.8203,16.2123,86.29,29,14,5.17,few clouds
415,Onguday,RU,50.75,86.15,58.82,95,97,1.95,overcast clouds
416,Arlit,NE,18.7369,7.3853,100.27,21,8,8.08,clear sky
417,Malakal,SS,9.5334,31.6605,70.0,93,100,3.51,overcast clouds
418,Komsomolskiy,UZ,40.4272,71.7189,79.52,31,95,16.11,overcast clouds
419,Gerash,IR,27.6652,54.1371,94.15,39,48,4.63,scattered clouds
420,Nakusp,CA,50.2499,-117.8023,75.47,61,17,2.33,few clouds
421,Bani Walid,LY,31.7566,13.9942,88.79,42,1,21.07,clear sky
422,Axim,GH,4.8699,-2.2405,76.35,66,64,8.59,broken clouds
423,Kavaratti,IN,10.5669,72.642,78.21,83,100,31.61,overcast clouds
424,Vila,PT,42.0304,-8.1588,86.7,41,1,9.28,clear sky
425,Washougal,US,45.5826,-122.3534,73.47,70,75,4.61,broken clouds
426,Cariati,IT,39.4922,16.9594,84.94,46,0,0.09,clear sky
427,Namibe,AO,-15.1961,12.1522,62.11,57,1,5.26,clear sky
428,Asasa,ET,7.1,39.2,54.72,92,83,6.35,broken clouds
429,Itarema,BR,-2.9248,-39.9167,85.26,56,65,16.49,broken clouds
430,Chara,RU,56.9064,118.2631,62.51,71,7,0.78,clear sky
431,Qasigiannguit,GL,68.8193,-51.1922,46.65,82,100,3.44,overcast clouds
432,Socorro,US,31.6546,-106.3033,94.37,28,75,0.0,broken clouds
433,Chicama,PE,-7.8447,-79.1469,59.54,66,42,9.42,scattered clouds
434,Zhuhai,CN,22.2769,113.5678,89.85,79,20,6.91,few clouds
435,Fare,PF,-16.7,-151.0167,78.48,64,37,25.77,scattered clouds
436,Bintulu,MY,3.1667,113.0333,79.18,84,98,4.0,overcast clouds
437,Zhigansk,RU,66.7697,123.3711,49.01,62,62,16.87,broken clouds
438,Narsaq,GL,60.9167,-46.05,52.21,60,100,7.47,overcast clouds
439,Severnoye,RU,56.3491,78.3619,53.44,77,7,6.69,clear sky
440,Laukaa,RU,58.7372,29.8453,65.35,83,67,2.91,broken clouds
441,Luanda,AO,-8.8368,13.2343,67.12,79,26,13.71,scattered clouds
442,Kodinsk,RU,58.6881,99.1844,53.02,88,100,6.2,overcast clouds
443,Ayagoz,KZ,47.9714,80.4392,66.4,60,5,8.3,clear sky
444,Westport,US,41.1415,-73.3579,90.09,65,0,11.5,clear sky
445,Saint-Pierre,RE,-21.3393,55.4781,69.48,81,75,8.05,broken clouds
446,Cheney,US,47.4874,-117.5758,79.25,37,20,9.22,few clouds
447,Airai,TL,-8.9266,125.4092,55.63,86,70,2.08,broken clouds
448,Aleksandrovka,UA,46.8383,32.7612,74.95,61,96,10.83,light rain
449,Ovre Ardal,NO,61.3167,7.8,50.88,90,100,5.44,light rain
450,Mabopane,ZA,-25.4977,28.1007,62.67,55,28,9.08,scattered clouds
451,Ust-Tsilma,RU,65.441,52.1498,65.8,56,94,2.66,overcast clouds
452,Harper,LR,4.375,-7.7169,76.66,68,74,9.13,broken clouds
453,Beringovskiy,RU,63.05,179.3167,53.89,67,76,6.87,broken clouds
454,Kuala Terengganu,MY,5.3302,103.1408,79.77,85,100,4.29,overcast clouds
455,Trojes,AL,41.756,19.962,82.56,29,2,7.61,clear sky
456,Talen,IN,23.5667,76.7167,79.18,84,100,6.22,overcast clouds
457,Isangel,VU,-19.55,169.2667,75.83,91,100,7.54,light rain
458,Miandrivazo,MG,-19.5167,45.4667,72.23,67,0,2.24,clear sky
459,Lahijan,IR,37.2061,50.0029,80.37,76,4,4.25,clear sky
460,Taywarah,AF,33.35,64.4167,61.07,35,37,9.46,scattered clouds
461,Puri,IN,19.8,85.85,84.72,79,89,12.1,overcast clouds
462,Aksu,CN,41.1231,80.2644,80.62,37,31,3.96,scattered clouds
463,Chumphon,TH,10.3333,98.8333,72.75,94,100,3.65,overcast clouds
464,Port Augusta,AU,-32.5,137.7667,55.22,86,57,9.37,broken clouds
465,Santa Maria,BR,-29.6842,-53.8069,70.9,67,85,6.24,overcast clouds
466,Ampanihy,MG,-24.7,44.75,62.17,64,0,14.18,clear sky
467,Debre Tabor,ET,11.85,38.0167,50.25,96,100,1.74,moderate rain
468,Binika,IN,21.0333,83.8,84.85,71,100,4.79,heavy intensity rain
469,Mayumba,GA,-3.432,10.6554,72.61,84,42,6.35,scattered clouds
470,Katra,IN,32.9833,74.95,76.23,77,7,5.66,clear sky
471,Wanning,CN,18.8003,110.3967,82.4,84,100,7.07,overcast clouds
472,Davenda,RU,53.5556,119.317,60.39,83,2,1.92,clear sky
473,Nome,US,64.5011,-165.4064,55.47,82,0,0.0,clear sky
474,Road Town,VG,18.4167,-64.6167,89.69,70,40,12.66,scattered clouds
475,Sicuani,PE,-14.2694,-71.2261,59.22,30,5,6.73,clear sky
476,Santa Cruz Del Sur,CU,20.7147,-77.9956,90.52,55,26,10.4,scattered clouds
477,Mbeya,TZ,-8.9,33.45,55.99,74,20,8.01,few clouds
478,Batagay-Alyta,RU,67.8006,130.4114,48.11,85,100,5.14,overcast clouds
479,Mumbwa,ZM,-14.9783,27.0619,67.26,39,4,7.29,clear sky
480,Iwaki,JP,37.05,140.8833,79.77,90,83,1.01,broken clouds
481,Maryville,US,35.7565,-83.9705,86.27,71,100,10.36,overcast clouds
482,Luba,GQ,3.4568,8.5547,76.41,81,69,7.4,broken clouds
483,Kropotkin,RU,45.4375,40.5756,74.43,74,41,9.17,scattered clouds
484,Makokou,GA,0.5738,12.8642,79.93,55,73,3.04,broken clouds
485,Tomatlan,MX,19.9333,-105.25,89.49,52,67,2.13,broken clouds
486,Acurenam,GQ,1.0322,10.6488,72.28,76,81,6.06,broken clouds
487,Palafrugell,ES,41.9174,3.1631,92.44,57,1,4.0,clear sky
488,Les Cayes,HT,18.2,-73.75,91.06,56,20,9.37,few clouds
489,San Cristobal,VE,7.7669,-72.225,73.58,78,98,5.77,overcast clouds
490,Sangar,RU,63.9242,127.4739,60.12,94,100,1.25,overcast clouds
491,Bartica,GY,6.4,-58.6167,86.32,86,66,3.6,broken clouds
492,Ust-Ishim,RU,57.6935,71.1665,55.76,71,0,5.01,clear sky
493,Nevsehir,TR,38.9167,34.6667,85.21,30,20,10.36,few clouds
494,Am Timan,TD,11.0297,20.2827,74.64,86,52,1.3,broken clouds
495,Ahome,MX,25.9167,-109.1833,85.95,48,89,3.83,overcast clouds
496,Butterworth,MY,5.3991,100.3638,78.84,94,40,4.61,scattered clouds
497,Sur,OM,22.5667,59.5289,90.39,60,6,2.35,clear sky
498,Sandnessjoen,NO,66.0217,12.6316,61.32,72,0,10.36,clear sky
499,Dubai,AE,25.2582,55.3047,100.33,37,0,6.91,clear sky
500,Hami,CN,42.8,93.45,79.07,43,100,6.6,overcast clouds
501,Wanlaweyn,SO,2.6185,44.8938,76.48,70,32,20.6,scattered clouds
502,San Jose,US,37.3394,-121.895,85.59,55,75,1.01,broken clouds
503,Cockburn Town,TC,21.4612,-71.1419,82.44,72,15,13.94,few clouds
504,Tashara,RU,55.5195,83.5094,58.14,69,55,6.71,broken clouds
505,Salym,RU,60.0625,71.4789,55.9,71,35,4.85,scattered clouds
506,Ankang,CN,32.68,109.0172,77.16,84,56,1.43,broken clouds
507,Meulaboh,ID,4.1363,96.1285,74.17,89,100,4.27,overcast clouds
508,Gambela,ET,8.25,34.5833,69.96,84,74,3.22,broken clouds
509,Jumla,NP,29.2747,82.1838,63.57,98,95,1.05,overcast clouds
510,Khorixas,NA,-20.3667,14.9667,59.11,20,0,9.51,clear sky
511,Forestville,US,38.8451,-76.875,91.47,59,75,12.66,broken clouds
512,Iki-Burul,RU,45.8208,44.6472,88.32,26,31,12.93,scattered clouds
513,Muros,ES,42.7762,-9.0603,92.68,62,14,11.72,few clouds
514,Najran,SA,17.4924,44.1277,73.4,73,98,16.89,overcast clouds
515,Bridlington,GB,54.0831,-0.1919,80.89,72,80,15.73,broken clouds
516,Cap-Chat,CA,49.1001,-66.6821,67.93,91,97,11.77,overcast clouds
517,Bowen,AU,-20.0167,148.2333,62.78,95,46,6.4,scattered clouds
518,Alihe,CN,50.5667,123.7167,62.67,83,24,2.59,few clouds
519,Staryy Nadym,RU,65.6118,72.6842,57.78,62,20,5.79,few clouds
520,Tombouctou,ML,20.0,-3.0,106.41,17,8,11.07,clear sky
521,Thinadhoo,MV,0.5333,72.9333,81.43,75,27,13.62,scattered clouds
522,Batemans Bay,AU,-35.7167,150.1833,55.09,54,100,7.38,overcast clouds
523,Zhanaozen,KZ,43.3,52.8,89.17,20,18,5.79,few clouds
524,Te Anau,NZ,-45.4167,167.7167,44.78,88,52,8.57,heavy intensity rain
525,Manasa,IN,24.4837,75.2687,81.0,77,98,8.88,overcast clouds
526,Esso,RU,55.9333,158.7,50.74,96,100,2.62,light rain
527,Deputatskiy,RU,69.3,139.9,44.49,87,100,4.03,overcast clouds
528,Taltal,CL,-25.4,-70.4833,58.48,73,28,5.01,scattered clouds
529,Kamaishi,JP,39.2667,141.8833,72.55,96,99,2.01,light rain
530,Geraldton,AU,-28.7667,114.6,61.21,72,75,21.85,broken clouds
531,Ingham,US,42.6,-84.3833,80.19,58,40,6.91,scattered clouds
532,Madang,PG,-5.2246,145.7966,78.22,89,92,3.44,overcast clouds
533,Kumta,IN,14.4167,74.4,79.18,90,100,8.9,overcast clouds
534,Yangambi,CD,0.8102,24.4336,75.33,71,57,2.33,broken clouds
535,Brae,GB,60.3964,-1.353,58.06,93,100,24.36,overcast clouds
536,Smithers,CA,54.7804,-127.1743,59.18,70,94,2.64,overcast clouds
537,Bud,US,39.447,-86.1758,82.35,70,1,1.57,clear sky
538,Blackfoot,US,43.1905,-112.345,78.58,43,99,9.93,overcast clouds
539,Trelew,AR,-43.249,-65.3051,48.83,43,0,10.83,clear sky
540,Santa Lucia,ES,27.9117,-15.5407,75.76,65,20,29.93,few clouds
541,Pisco,PE,-13.7,-76.2167,63.01,77,20,10.36,few clouds
542,Gimli,CA,50.6336,-96.9907,69.67,73,81,12.1,broken clouds
543,Puno,PE,-15.8333,-70.0333,60.37,29,15,8.39,few clouds
544,Samarai,PG,-10.6167,150.6667,80.01,84,36,16.53,scattered clouds
545,Puerto Del Rosario,ES,28.5004,-13.8627,80.35,74,20,20.71,few clouds
546,Griffith,US,41.5284,-87.4237,84.88,64,0,9.22,clear sky
547,Tazovskiy,RU,67.4667,78.7,51.69,78,32,8.61,scattered clouds
548,Mason City,US,43.1536,-93.201,87.33,70,0,18.41,clear sky
549,Lichuan,CN,30.3,108.85,65.88,92,3,2.75,clear sky
550,Los Llanos De Aridane,ES,28.6585,-17.9182,73.15,73,0,20.71,clear sky
551,Skjervoy,NO,70.0311,20.9714,55.4,94,100,2.86,overcast clouds
552,Ribas Do Rio Pardo,BR,-20.4431,-53.7592,92.91,17,0,9.8,clear sky
553,Beatrice,US,40.2681,-96.747,89.69,51,0,12.66,clear sky
554,Sao Jose,BR,-28.2333,-49.1667,65.43,44,9,4.05,clear sky
555,Tautira,PF,-17.7333,-149.15,76.55,69,18,22.24,few clouds
556,Grand Gaube,MU,-20.0064,57.6608,68.4,74,3,1.99,clear sky
557,Xichang,CN,27.8964,102.2634,65.86,95,70,1.86,broken clouds
558,Nadezhda,RU,44.1,44.6,82.4,34,56,12.08,light rain
559,Lavumisa,SZ,-27.31,31.892,62.26,77,14,5.17,few clouds
560,Henties Bay,NA,-22.116,14.2845,55.15,84,0,10.07,clear sky
561,Plainview,US,40.7765,-73.4673,89.8,64,0,14.97,clear sky
562,Thai Binh,VN,20.45,106.3333,83.05,79,95,5.79,overcast clouds
563,Kogon,UZ,39.7228,64.5517,82.44,44,0,2.3,clear sky
564,Kuusamo,FI,65.9667,29.1833,55.44,94,100,4.61,light intensity shower rain
565,Sabla,NG,12.7525,4.7077,86.5,54,100,5.17,overcast clouds
566,Kutum,SD,14.2,24.6667,84.18,39,14,6.38,few clouds
567,Sfantu Gheorghe,RO,45.8667,25.7833,71.82,72,62,3.11,broken clouds
568,Makakilo City,US,21.3469,-158.0858,75.0,75,100,9.22,overcast clouds
569,Fortuna,US,40.5982,-124.1573,72.93,75,20,4.61,few clouds
570,Wajir,KE,1.7471,40.0573,85.46,35,100,13.29,overcast clouds
571,Okhotsk,RU,59.3833,143.3,53.15,91,74,2.24,broken clouds
572,Ciuperceni,RO,43.7667,24.95,86.86,29,12,4.65,few clouds
573,Cervo,ES,43.6702,-7.4101,69.96,86,84,10.4,broken clouds
574,Turayf,SA,31.6725,38.6637,92.91,15,10,11.61,clear sky
575,Medvezhyegorsk,RU,62.9167,34.4667,60.78,98,100,7.31,light rain
576,Napier,NZ,-39.4833,176.9167,56.28,60,100,5.99,overcast clouds
577,Tokmak,UA,47.2514,35.7058,76.32,62,1,7.56,clear sky
578,Hope,US,33.6671,-93.5916,93.25,48,6,5.75,clear sky
579,Villarrica,PY,-25.75,-56.4333,80.47,49,94,5.1,overcast clouds
580,Talcahuano,CL,-36.7167,-73.1167,51.48,54,0,11.5,clear sky
581,Naze,JP,28.3667,129.4833,79.57,87,14,10.31,few clouds
582,Ust-Ilimsk,RU,58.0006,102.6619,57.83,98,100,6.11,overcast clouds
583,Carballo,ES,43.213,-8.691,87.22,79,11,10.4,few clouds
584,Sidney,AU,-33.8679,151.2073,54.7,64,0,10.36,clear sky
585,Erzurum,TR,40.0,41.5,74.88,34,21,6.53,few clouds
586,Monduli,TZ,-3.3,36.45,62.98,52,18,9.37,few clouds
587,Waitati,NZ,-45.75,170.5667,52.81,55,68,5.35,broken clouds
588,Morondava,MG,-20.2833,44.2833,74.16,79,0,11.65,clear sky
589,Osypenko,UA,46.9136,36.8253,78.37,63,5,12.39,clear sky
590,La Ronge,CA,55.1001,-105.2842,51.73,96,100,9.78,overcast clouds
591,Catamarca,AR,-28.4696,-65.7852,77.58,37,8,4.0,clear sky
592,Mata,PT,40.683,-7.4592,91.92,15,0,12.44,clear sky
593,Moyale,KE,3.5167,39.0584,71.85,50,97,4.38,overcast clouds
594,Filingue,NE,14.3521,3.3168,91.78,44,97,5.66,overcast clouds
595,Oistins,BB,13.0667,-59.5333,87.89,66,20,23.02,few clouds
596,Anguillara Sabazia,IT,42.0875,12.2767,90.37,27,15,2.71,few clouds
597,Tigil,RU,57.8,158.6667,52.18,92,100,6.55,overcast clouds
598,Faranah,GN,10.0404,-10.7434,76.84,91,73,5.79,moderate rain
599,Dzilam Gonzalez,MX,21.2833,-88.9333,92.88,49,45,5.55,scattered clouds
600,Trairi,BR,-3.2778,-39.2689,85.66,55,56,13.58,broken clouds
601,Kasongo-Lunda,CD,-6.4667,16.8167,85.53,31,67,4.36,broken clouds
602,Sarai Alamgir,PK,32.9012,73.7559,90.72,58,61,1.61,broken clouds
603,Tyumentsevo,RU,53.3224,81.498,62.55,57,80,9.71,broken clouds
604,Zhongshu,CN,24.5167,103.7667,62.38,96,7,2.84,clear sky
605,Salantai,LT,56.0667,21.5667,63.9,61,100,6.93,overcast clouds
606,Llanes,ES,43.4198,-4.7549,76.68,78,31,6.33,scattered clouds
607,Otavi,NA,-19.65,17.3333,58.26,9,0,9.24,clear sky
608,Faya,SA,18.3851,42.4509,61.32,76,89,5.14,overcast clouds
609,Cefalu,IT,38.0386,14.0229,86.54,46,0,3.69,clear sky
610,Sinnamary,GF,5.3833,-52.95,83.03,76,31,10.07,scattered clouds
611,Totma,RU,59.9747,42.7642,64.58,76,100,5.37,overcast clouds
612,Sandeid,NO,59.5449,5.8636,62.55,95,100,5.48,light rain
613,Celestun,MX,20.8667,-90.4,87.55,62,8,6.04,clear sky
614,Sinjhoro,PK,26.0303,68.809,89.67,63,15,18.19,few clouds
615,Sigayevo,RU,56.4216,53.7757,64.49,65,71,6.76,broken clouds
616,Pangody,RU,65.85,74.4859,57.99,61,56,8.03,broken clouds
617,Portland,US,45.5234,-122.6762,73.94,70,75,4.61,broken clouds
618,Alenquer,BR,-1.9417,-54.7383,93.45,42,30,7.29,scattered clouds
619,Vestmannaeyjar,IS,63.4427,-20.2734,56.39,50,40,13.8,scattered clouds
620,Kloulklubed,PW,7.0419,134.2556,82.99,75,100,11.3,overcast clouds
621,Cururupu,BR,-1.8283,-44.8683,84.38,68,20,7.74,few clouds
622,Olinda,BR,-8.0089,-34.8553,76.73,83,75,3.44,broken clouds
623,Yanam,IN,16.7333,82.2167,81.36,86,99,3.06,overcast clouds
624,Dicabisagan,PH,17.0818,122.4157,76.98,93,100,1.34,overcast clouds
625,Bedesa,ET,8.9,40.7833,63.25,80,54,5.84,broken clouds
626,Abbeville,FR,50.1,1.8333,79.5,60,98,10.85,overcast clouds
627,Mutsu,JP,41.2894,141.2169,67.98,95,100,6.35,moderate rain
628,Abu Dhabi,AE,24.4667,54.3667,100.51,52,0,5.75,clear sky
629,Balkanabat,TM,39.5108,54.3671,92.12,27,3,10.47,clear sky
630,Preobrazheniye,RU,42.9019,133.9064,70.47,94,98,4.61,overcast clouds
631,Xinzhi,CN,36.4989,111.7047,78.82,66,1,4.52,clear sky
632,Shenjiamen,CN,29.9576,122.298,82.09,87,48,12.41,scattered clouds
633,Ishigaki,JP,24.3448,124.1572,83.89,75,3,16.22,clear sky
634,Broken Hill,AU,-31.95,141.4333,58.71,64,13,31.76,few clouds
635,Manado,ID,1.487,124.8455,75.97,94,20,2.3,few clouds
636,Saint-Gaudens,FR,43.0833,0.6667,93.65,21,0,3.29,clear sky
637,Kurilsk,RU,45.2333,147.8833,52.18,92,51,8.66,broken clouds
638,Roald,NO,62.5833,6.1333,59.92,88,75,10.36,light rain
639,Hambantota,LK,6.1241,81.1185,78.46,79,100,23.98,overcast clouds
640,Kiama,AU,-34.6833,150.8667,54.57,74,100,5.35,light rain
641,Aripuana,BR,-9.1667,-60.6333,97.18,23,95,3.71,overcast clouds
642,Viedma,AR,-40.8135,-62.9967,58.73,46,87,5.73,overcast clouds
643,Lagoa,PT,39.05,-27.9833,74.59,74,0,13.8,clear sky
644,Sakakah,SA,29.9697,40.2064,103.42,10,12,4.92,few clouds
645,Dobele,LV,56.625,23.2786,66.88,53,84,7.31,broken clouds
646,Ginda,IN,30.6945,78.4932,66.6,95,24,1.14,few clouds
647,Flinders,AU,-34.5833,150.8552,54.37,75,100,7.0,light rain
648,Karymskoye,RU,51.6167,114.35,67.01,80,98,0.56,overcast clouds
649,Nadvoitsy,RU,63.8667,34.3167,58.37,98,100,4.7,overcast clouds
650,Borohradek,CZ,50.0978,16.0933,81.95,46,68,4.38,broken clouds
651,Mangaluru,IN,12.8667,74.8833,76.06,94,100,9.22,moderate rain
652,Dolores,AR,-36.3132,-57.6792,62.83,63,66,10.42,broken clouds
653,Kalianget,ID,-7.05,113.9333,80.44,79,98,13.0,overcast clouds
654,Uravakonda,IN,14.95,77.2667,79.95,75,99,7.76,overcast clouds
655,Pamanukan,ID,-6.2842,107.8106,76.62,82,68,4.76,broken clouds
656,Cobija,BO,-11.0267,-68.7692,91.58,58,75,4.61,broken clouds
657,Kattivakkam,IN,13.2167,80.3167,85.06,84,90,10.96,overcast clouds
658,Tiberias,IL,32.7922,35.5312,83.7,55,12,5.3,few clouds
659,Ipixuna,BR,-1.7625,-48.8043,90.66,47,37,2.17,scattered clouds
660,Aguimes,ES,27.9054,-15.4461,80.65,65,20,29.93,few clouds
661,Oromocto,CA,45.8351,-66.4792,79.72,76,78,1.99,broken clouds
662,Belaya Gora,RU,68.5333,146.4167,51.73,91,100,6.89,light rain
663,Ekpoma,NG,6.7421,6.139,73.81,90,83,3.87,light rain
664,Dickinson,US,29.4608,-95.0513,97.12,63,75,5.75,broken clouds
665,Mareeba,AU,-17.0,145.4333,65.12,91,46,2.82,scattered clouds
666,Luderitz,NA,-26.6481,15.1594,55.74,75,0,3.98,clear sky
667,Tvedestrand,NO,58.622,8.9315,60.08,97,100,18.19,overcast clouds
668,Maarianhamina,AX,60.0973,19.9348,64.26,55,0,10.36,clear sky
669,Kholodnyy,RU,62.7167,147.95,51.67,89,83,5.68,broken clouds
670,Anadyr,RU,64.75,177.4833,50.49,81,48,5.59,scattered clouds
671,Gatesville,US,31.4352,-97.7439,96.37,44,0,15.3,clear sky
672,Kabinda,CD,-6.1333,24.4833,79.0,28,78,5.14,broken clouds
673,Puerto Escondido,MX,15.85,-97.0667,88.63,70,40,11.5,scattered clouds
674,Netivot,IL,31.4222,34.5886,84.6,57,11,8.63,few clouds
675,Bagdarin,RU,54.4333,113.6,59.79,94,96,0.67,overcast clouds
676,Canar,EC,-2.55,-78.9333,59.04,62,34,3.87,light rain
677,Birin,NP,26.8865,88.0718,64.58,92,100,2.44,overcast clouds
678,Helsinki,FI,60.1695,24.9355,72.03,64,20,11.5,few clouds
679,Cayenne,GF,4.9333,-52.3333,89.64,17,75,8.05,broken clouds
680,Vanimo,PG,-2.6741,141.3028,78.1,90,84,7.02,broken clouds
681,Jaten,ID,-7.5772,110.8975,74.53,90,96,4.59,overcast clouds
